lakeid,year4,daynum,sampledate,sta,llevel_elevation
AL,1984,144,5/23/1984,1,494.446
AL,1984,157,6/5/1984,1,494.45
AL,1984,215,8/2/1984,1,494.446
AL,1984,289,10/15/1984,1,494.461
AL,1984,313,11/8/1984,1,494.498
AL,1985,120,4/30/1985,1,494.54
AL,1985,136,5/16/1985,1,494.244
AL,1985,148,5/28/1985,1,494.275
AL,1985,162,6/11/1985,1,494.32
AL,1985,175,6/24/1985,1,494.33
AL,1985,192,7/11/1985,1,494.32
AL,1985,204,7/23/1985,1,494.32
AL,1985,219,8/7/1985,1,494.397
AL,1985,231,8/19/1985,1,494.327
AL,1985,255,9/12/1985,1,494.357
AL,1985,273,9/30/1985,1,494.482
AL,1985,295,10/22/1985,1,494.494
AL,1985,315,11/11/1985,1,494.506
AL,1986,128,5/8/1986,1,494.54
AL,1986,140,5/20/1986,1,494.52
AL,1986,153,6/2/1986,1,494.26
AL,1986,169,6/18/1986,1,494.26
AL,1986,183,7/2/1986,1,494.27
AL,1986,197,7/16/1986,1,494.36
AL,1986,209,7/28/1986,1,494.42
AL,1986,225,8/13/1986,1,494.41
AL,1986,238,8/26/1986,1,494.41
AL,1986,253,9/10/1986,1,494.64
AL,1986,265,9/22/1986,1,494.72
AL,1986,282,10/9/1986,1,494.51
AL,1986,295,10/22/1986,1,494.56
AL,1986,307,11/3/1986,1,494.644
AL,1987,124,5/4/1987,1,494.032
AL,1987,138,5/18/1987,1,494.032
AL,1987,152,6/1/1987,1,494.053
AL,1987,162,6/11/1987,1,494.05
AL,1987,180,6/29/1987,1,494.029
AL,1987,194,7/13/1987,1,494.157
AL,1987,208,7/27/1987,1,494.084
AL,1987,225,8/13/1987,1,494.044
AL,1987,238,8/26/1987,1,494.029
AL,1987,253,9/10/1987,1,494.105
AL,1987,264,9/21/1987,1,494.187
AL,1987,294,10/21/1987,1,494.312
AL,1987,309,11/5/1987,1,494.334
AL,1987,322,11/18/1987,1,494.361
AL,1988,117,4/26/1988,1,494.283
AL,1988,130,5/9/1988,1,493.978
AL,1988,146,5/25/1988,1,493.972
AL,1988,159,6/7/1988,1,493.948
AL,1988,172,6/20/1988,1,493.954
AL,1988,186,7/4/1988,1,493.978
AL,1988,201,7/19/1988,1,494.094
AL,1988,216,8/3/1988,1,494.131
AL,1988,231,8/18/1988,1,494.143
AL,1988,257,9/13/1988,1,494.326
AL,1988,272,9/28/1988,1,494.375
AL,1988,286,10/12/1988,1,494.405
AL,1988,299,10/25/1988,1,494.424
AL,1989,121,5/1/1989,1,494.162
AL,1989,136,5/16/1989,1,494.169
AL,1989,149,5/29/1989,1,494.114
AL,1989,179,6/28/1989,1,494.15
AL,1989,193,7/12/1989,1,494.205
AL,1989,206,7/25/1989,1,494.217
AL,1989,219,8/7/1989,1,494.205
AL,1989,234,8/22/1989,1,494.236
AL,1989,249,9/6/1989,1,494.339
AL,1989,262,9/19/1989,1,494.388
AL,1989,277,10/4/1989,1,494.419
AL,1989,291,10/18/1989,1,494.419
AL,1989,304,10/31/1989,1,494.467
AL,1989,313,11/9/1989,1,494.443
AL,1990,120,4/30/1990,1,494.4
AL,1990,137,5/17/1990,1,494.412
AL,1990,150,5/30/1990,1,494.223
AL,1990,164,6/13/1990,1,494.113
AL,1990,178,6/27/1990,1,494.065
AL,1990,190,7/9/1990,1,494.052
AL,1990,205,7/24/1990,1,494.025
AL,1990,220,8/8/1990,1,494.022
AL,1990,234,8/22/1990,1,494.113
AL,1990,247,9/4/1990,1,494.141
AL,1990,261,9/18/1990,1,494.333
AL,1990,276,10/3/1990,1,494.385
AL,1990,290,10/17/1990,1,494.379
AL,1990,304,10/31/1990,1,494.333
AL,1990,313,11/9/1990,1,494.376
AL,1991,127,5/7/1991,1,494.135
AL,1991,141,5/21/1991,1,494.098
AL,1991,155,6/4/1991,1,494.129
AL,1991,169,6/18/1991,1,494.116
AL,1991,184,7/3/1991,1,494.159
AL,1991,196,7/15/1991,1,494.098
AL,1991,211,7/30/1991,1,494.11
AL,1991,225,8/13/1991,1,494.068
AL,1991,239,8/27/1991,1,494.104
AL,1991,253,9/10/1991,1,494.214
AL,1991,266,9/23/1991,1,494.324
AL,1991,282,10/9/1991,1,494.312
AL,1991,301,10/28/1991,1,494.312
AL,1992,126,5/5/1992,1,494.188
AL,1992,139,5/18/1992,1,494.143
AL,1992,153,6/1/1992,1,494.063
AL,1992,171,6/19/1992,1,494.051
AL,1992,189,7/7/1992,1,494.106
AL,1992,197,7/15/1992,1,494.088
AL,1992,211,7/29/1992,1,494.344
AL,1992,225,8/12/1992,1,494.161
AL,1992,239,8/26/1992,1,494.077
AL,1992,255,9/11/1992,1,494.077
AL,1992,265,9/21/1992,1,494.169
AL,1992,280,10/6/1992,1,494.168
AL,1992,295,10/21/1992,1,494.288
AL,1992,311,11/6/1992,1,494.333
AL,1993,123,5/3/1993,1,494.245
AL,1993,137,5/17/1993,1,494.159
AL,1993,155,6/4/1993,1,494.171
AL,1993,167,6/16/1993,1,494.196
AL,1993,181,6/30/1993,1,494.202
AL,1993,193,7/12/1993,1,494.196
AL,1993,207,7/26/1993,1,494.165
AL,1993,223,8/11/1993,1,494.196
AL,1993,238,8/26/1993,1,494.162
AL,1993,252,9/9/1993,1,494.205
AL,1993,265,9/22/1993,1,494.275
AL,1993,277,10/4/1993,1,494.33
AL,1993,294,10/21/1993,1,494.397
AL,1993,307,11/3/1993,1,494.373
AL,1994,123,5/3/1994,1,494.095
AL,1994,140,5/20/1994,1,494.049
AL,1994,164,6/13/1994,1,494.08
AL,1994,178,6/27/1994,1,494.049
AL,1994,193,7/12/1994,1,494.104
AL,1994,220,8/8/1994,1,494.064
AL,1994,237,8/25/1994,1,494.046
AL,1994,252,9/9/1994,1,494.055
AL,1994,264,9/21/1994,1,494.141
AL,1994,278,10/5/1994,1,494.128
AL,1994,290,10/17/1994,1,494.131
AL,1994,304,10/31/1994,1,494.122
AL,1994,321,11/17/1994,1,494.092
AL,1995,121,5/1/1995,1,494.068
AL,1995,135,5/15/1995,1,494.117
AL,1995,150,5/30/1995,1,494.117
AL,1995,163,6/12/1995,1,494.102
AL,1995,177,6/26/1995,1,494.062
AL,1995,191,7/10/1995,1,494.08
AL,1995,207,7/26/1995,1,494.098
AL,1995,220,8/8/1995,1,494.138
AL,1995,233,8/21/1995,1,494.117
AL,1995,250,9/7/1995,1,494.071
AL,1995,261,9/18/1995,1,494.101
AL,1995,289,10/16/1995,1,494.181
AL,1995,303,10/30/1995,1,494.193
AL,1996,135,5/14/1996,1,494.208
AL,1996,164,6/12/1996,1,494.126
AL,1996,179,6/27/1996,1,494.15
AL,1996,193,7/11/1996,1,494.116
AL,1996,204,7/22/1996,1,494.113
AL,1996,221,8/8/1996,1,494.11
AL,1996,234,8/21/1996,1,494.083
AL,1996,276,10/2/1996,1,494.125
AL,1996,290,10/16/1996,1,494.113
AL,1996,309,11/4/1996,1,494.159
AL,1997,133,5/13/1997,1,494.111
AL,1997,140,5/20/1997,1,494.129
AL,1997,154,6/3/1997,1,494.111
AL,1997,167,6/16/1997,1,494.144
AL,1997,183,7/2/1997,1,494.163
AL,1997,196,7/15/1997,1,494.153
AL,1997,212,7/31/1997,1,494.126
AL,1997,226,8/14/1997,1,494.111
AL,1997,239,8/27/1997,1,494.156
AL,1997,251,9/8/1997,1,494.138
AL,1997,268,9/25/1997,1,494.141
AL,1997,280,10/7/1997,1,494.153
AL,1997,293,10/20/1997,1,494.153
AL,1997,311,11/7/1997,1,494.129
AL,1998,112,4/22/1998,1,494.088
AL,1998,124,5/4/1998,1,494.052
AL,1998,138,5/18/1998,1,494.08
AL,1998,152,6/1/1998,1,494.076
AL,1998,168,6/17/1998,1,494.131
AL,1998,180,6/29/1998,1,494.131
AL,1998,194,7/13/1998,1,494.101
AL,1998,210,7/29/1998,1,494.058
AL,1998,223,8/11/1998,1,494.085
AL,1998,237,8/25/1998,1,494.101
AL,1998,252,9/9/1998,1,494.095
AL,1998,265,9/22/1998,1,494.079
AL,1998,278,10/5/1998,1,494.07
AL,1998,292,10/19/1998,1,494.122
AL,1998,308,11/4/1998,1,494.107
AL,1999,126,5/6/1999,1,494.099
AL,1999,137,5/17/1999,1,494.136
AL,1999,155,6/4/1999,1,494.106
AL,1999,167,6/16/1999,1,494.124
AL,1999,179,6/28/1999,1,494.093
AL,1999,195,7/14/1999,1,494.188
AL,1999,209,7/28/1999,1,494.133
AL,1999,222,8/10/1999,1,494.118
AL,1999,238,8/26/1999,1,494.139
AL,1999,250,9/7/1999,1,494.084
AL,1999,265,9/22/1999,1,494.16
AL,1999,277,10/4/1999,1,494.221
AL,1999,292,10/19/1999,1,494.325
AL,1999,309,11/5/1999,1,494.316
AL,2000,94,4/3/2000,1,494.133
AL,2000,115,4/24/2000,1,494.081
AL,2000,125,5/4/2000,1,494.044
AL,2000,137,5/16/2000,1,494.029
AL,2000,154,6/2/2000,1,494.041
AL,2000,165,6/13/2000,1,494.056
AL,2000,181,6/29/2000,1,494.117
AL,2000,194,7/12/2000,1,494.194
AL,2000,206,7/24/2000,1,494.084
AL,2000,222,8/9/2000,1,494.108
AL,2000,236,8/23/2000,1,494.099
AL,2000,252,9/8/2000,1,494.069
AL,2000,263,9/19/2000,1,494.084
AL,2000,276,10/2/2000,1,494.069
AL,2000,290,10/16/2000,1,494.09
AL,2000,304,10/30/2000,1,494.084
AL,2000,320,11/15/2000,1,494.117
AL,2001,121,5/1/2001,1,494.18
AL,2001,134,5/14/2001,1,494.15
AL,2001,149,5/29/2001,1,494.17
AL,2001,162,6/11/2001,1,494.17
AL,2001,176,6/25/2001,1,494.2
AL,2001,191,7/10/2001,1,494.12
AL,2001,204,7/23/2001,1,494.14
AL,2001,218,8/6/2001,1,494.14
AL,2001,235,8/23/2001,1,494.12
AL,2001,248,9/5/2001,1,494.1
AL,2001,260,9/17/2001,1,494.13
AL,2001,276,10/3/2001,1,494.15
AL,2001,288,10/15/2001,1,494.18
AL,2001,302,10/29/2001,1,494.2
AL,2001,318,11/14/2001,1,494.18
AL,2002,113,4/23/2002,1,494.154
AL,2002,126,5/6/2002,1,494.104
AL,2002,140,5/20/2002,1,494.087
AL,2002,154,6/3/2002,1,494.019
AL,2002,168,6/17/2002,1,494.089
AL,2002,182,7/1/2002,1,494.069
AL,2002,197,7/16/2002,1,494.039
AL,2002,226,8/14/2002,1,493.999
AL,2002,238,8/26/2002,1,494.039
AL,2002,252,9/9/2002,1,494.039
AL,2002,267,9/24/2002,1,494.054
AL,2002,282,10/9/2002,1,494.129
AL,2002,294,10/21/2002,1,494.089
AL,2002,308,11/4/2002,1,494.159
AL,2003,120,4/30/2003,1,494.156
AL,2003,149,5/29/2003,1,494.176
AL,2003,162,6/11/2003,1,494.216
AL,2003,174,6/23/2003,1,494.166
AL,2003,188,7/7/2003,1,494.156
AL,2003,204,7/23/2003,1,494.146
AL,2003,218,8/6/2003,1,494.251
AL,2003,230,8/18/2003,1,494.156
AL,2003,245,9/2/2003,1,494.124
AL,2003,260,9/17/2003,1,494.126
AL,2003,273,9/30/2003,1,494.136
AL,2003,286,10/13/2003,1,494.191
AL,2003,303,10/30/2003,1,494.241
AL,2003,323,11/19/2003,1,494.313
AL,2004,118,4/27/2004,1,494.241
AL,2004,131,5/10/2004,1,494.163
AL,2004,145,5/24/2004,1,494.181
AL,2004,159,6/7/2004,1,494.194
AL,2004,173,6/21/2004,1,494.161
AL,2004,189,7/7/2004,1,494.159
AL,2004,204,7/22/2004,1,494.126
AL,2004,215,8/2/2004,1,494.126
AL,2004,229,8/16/2004,1,494.119
AL,2004,245,9/1/2004,1,494.114
AL,2004,254,9/10/2004,1,494.111
AL,2004,274,9/30/2004,1,494.101
AL,2004,285,10/11/2004,1,494.101
AL,2004,299,10/25/2004,1,494.106
AL,2004,314,11/9/2004,1,494.126
AL,2005,109,4/19/2005,1,494.142
AL,2005,123,5/3/2005,1,494.116
AL,2005,136,5/16/2005,1,494.123
AL,2005,151,5/31/2005,1,494.096
AL,2005,165,6/14/2005,1,494.132
AL,2005,178,6/27/2005,1,494.088
AL,2005,192,7/11/2005,1,494.098
AL,2005,207,7/26/2005,1,494.098
AL,2005,220,8/8/2005,1,494.063
AL,2005,235,8/23/2005,1,494.053
AL,2005,249,9/6/2005,1,494.038
AL,2005,265,9/22/2005,1,494.086
AL,2005,276,10/3/2005,1,494.093
AL,2005,293,10/20/2005,1,494.163
AL,2005,312,11/8/2005,1,494.12
AL,2006,110,4/20/2006,1,494.155
AL,2006,121,5/1/2006,1,494.127
AL,2006,136,5/16/2006,1,494.162
AL,2006,150,5/30/2006,1,494.197
AL,2006,163,6/12/2006,1,494.142
AL,2006,177,6/26/2006,1,494.12
AL,2006,192,7/11/2006,1,494.097
AL,2006,206,7/25/2006,1,494.072
AL,2006,221,8/9/2006,1,494.105
AL,2006,233,8/21/2006,1,494.112
AL,2006,248,9/5/2006,1,494.152
AL,2006,262,9/19/2006,1,494.232
AL,2006,277,10/4/2006,1,494.192
AL,2006,289,10/16/2006,1,494.152
AL,2006,304,10/31/2006,1,494.137
AL,2007,113,4/23/2007,1,494.07
AL,2007,127,5/7/2007,1,494.029
AL,2007,141,5/21/2007,1,494.04
AL,2007,155,6/4/2007,1,494.066
AL,2007,170,6/19/2007,1,494.076
AL,2007,185,7/4/2007,1,494.041
AL,2007,197,7/16/2007,1,494.036
AL,2007,211,7/30/2007,1,494.036
AL,2007,227,8/15/2007,1,494.016
AL,2007,242,8/30/2007,1,494.036
AL,2007,253,9/10/2007,1,494.036
AL,2007,270,9/27/2007,1,494.126
AL,2007,281,10/8/2007,1,494.206
AL,2007,295,10/22/2007,1,494.176
AL,2007,312,11/8/2007,1,494.136
AL,2008,129,5/8/2008,1,494.22
AL,2008,140,5/19/2008,1,494.148
AL,2008,154,6/2/2008,1,494.167
AL,2008,171,6/19/2008,1,494.24
AL,2008,182,6/30/2008,1,494.217
AL,2008,197,7/15/2008,1,494.15
AL,2008,210,7/28/2008,1,494.138
AL,2008,225,8/12/2008,1,494.101
AL,2008,238,8/25/2008,1,494.083
AL,2008,253,9/9/2008,1,494.093
AL,2008,266,9/22/2008,1,494.108
AL,2008,280,10/6/2008,1,494.143
AL,2008,294,10/20/2008,1,494.153
AL,2008,311,11/6/2008,1,494.168
AL,2009,117,4/27/2009,1,494.195
AL,2009,132,5/12/2009,1,494.145
AL,2009,146,5/26/2009,1,494.105
AL,2009,159,6/8/2009,1,494.105
AL,2009,173,6/22/2009,1,494.1
AL,2009,187,7/6/2009,1,494.075
AL,2009,202,7/21/2009,1,494.055
AL,2009,216,8/4/2009,1,494.065
AL,2009,231,8/19/2009,1,494.07
AL,2009,243,8/31/2009,1,494.12
AL,2009,257,9/14/2009,1,494.14
AL,2009,272,9/29/2009,1,494.185
AL,2009,287,10/14/2009,1,494.235
AL,2009,299,10/26/2009,1,494.275
AL,2009,313,11/9/2009,1,494.245
AL,2010,102,4/12/2010,1,494.233
AL,2010,117,4/27/2010,1,494.225
AL,2010,132,5/12/2010,1,494.197
AL,2010,144,5/24/2010,1,494.089
AL,2010,158,6/7/2010,1,494.082
AL,2010,173,6/22/2010,1,494.132
AL,2010,189,7/8/2010,1,494.172
AL,2010,200,7/19/2010,1,494.192
AL,2010,214,8/2/2010,1,494.182
AL,2010,230,8/18/2010,1,494.155
AL,2010,243,8/31/2010,1,494.168
AL,2010,256,9/13/2010,1,494.147
AL,2010,272,9/29/2010,1,494.267
AL,2010,285,10/12/2010,1,494.192
AL,2010,301,10/28/2010,1,494.237
AL,2010,314,11/10/2010,1,494.187
AL,2011,122,5/2/2011,1,494.225
AL,2011,137,5/17/2011,1,494.197
AL,2011,151,5/31/2011,1,494.187
AL,2011,164,6/13/2011,1,494.142
AL,2011,178,6/27/2011,1,494.194
AL,2011,193,7/12/2011,1,494.137
AL,2011,206,7/25/2011,1,494.147
AL,2011,220,8/8/2011,1,494.187
AL,2011,234,8/22/2011,1,494.145
AL,2011,250,9/7/2011,1,494.117
AL,2011,262,9/19/2011,1,494.109
AL,2011,278,10/5/2011,1,494.132
AL,2011,290,10/17/2011,1,494.142
AL,2011,304,10/31/2011,1,494.157
AL,2011,315,11/11/2011,1,494.152
AL,2012,94,4/3/2012,1,494.153
AL,2012,107,4/16/2012,1,494.131
AL,2012,121,4/30/2012,1,494.134
AL,2012,135,5/14/2012,1,494.151
AL,2012,150,5/29/2012,1,494.151
AL,2012,163,6/11/2012,1,494.108
AL,2012,178,6/26/2012,1,494.168
AL,2012,192,7/10/2012,1,494.106
AL,2012,207,7/25/2012,1,494.066
AL,2012,219,8/6/2012,1,494.061
AL,2012,233,8/20/2012,1,494.066
AL,2012,248,9/4/2012,1,494.041
AL,2012,263,9/19/2012,1,494.065
AL,2012,275,10/1/2012,1,494.068
AL,2012,306,11/1/2012,1,494.229
AL,2012,314,11/9/2012,1,494.213
AL,2013,134,5/14/2013,1,494.198
AL,2013,161,6/10/2013,1,494.175
AL,2013,177,6/26/2013,1,494.181
AL,2013,192,7/11/2013,1,494.199
AL,2013,219,8/7/2013,1,494.132
AL,2013,231,8/19/2013,1,494.114
AL,2013,246,9/3/2013,1,494.212
AL,2013,274,10/1/2013,1,494.108
AL,2013,303,10/30/2013,1,494.337
AL,2013,311,11/7/2013,1,494.416
AL,2014,140,5/20/2014,1,494.278
AL,2014,153,6/2/2014,1,494.312
AL,2014,168,6/17/2014,1,494.275
AL,2014,183,7/2/2014,1,494.22
AL,2014,195,7/14/2014,1,494.183
AL,2014,211,7/30/2014,1,494.135
AL,2014,224,8/12/2014,1,494.135
AL,2014,238,8/26/2014,1,494.144
AL,2014,251,9/8/2014,1,494.183
AL,2014,267,9/24/2014,1,494.159
AL,2014,279,10/6/2014,1,494.19
AL,2014,294,10/21/2014,1,494.196
AL,2014,307,11/3/2014,1,494.171
AL,2015,111,4/21/2015,1,494.134
AL,2015,125,5/5/2015,1,494.091
AL,2015,153,6/2/2015,1,494.112
AL,2015,169,6/18/2015,1,494.134
AL,2015,181,6/30/2015,1,494.131
AL,2015,194,7/13/2015,1,494.131
AL,2015,208,7/27/2015,1,494.1
AL,2015,222,8/10/2015,1,494.155
AL,2015,238,8/26/2015,1,494.268
AL,2015,251,9/8/2015,1,494.381
AL,2015,264,9/21/2015,1,494.405
AL,2015,279,10/6/2015,1,494.146
AL,2015,292,10/19/2015,1,494.112
AL,2015,313,11/9/2015,1,494.128
BM,1981,209,7/28/1981,1,500.73
BM,1981,238,8/26/1981,1,500.8
BM,1981,257,9/14/1981,1,500.74
BM,1981,334,11/30/1981,1,500.51
BM,1982,25,1/25/1982,1,500.55
BM,1982,56,2/25/1982,1,500.56
BM,1982,97,4/7/1982,1,500.64
BM,1982,131,5/11/1982,1,500.63
BM,1982,145,5/25/1982,1,500.75
BM,1982,160,6/9/1982,1,500.65
BM,1982,202,7/21/1982,1,500.79
BM,1982,230,8/18/1982,1,500.65
BM,1982,264,9/21/1982,1,500.68
BM,1982,291,10/18/1982,1,500.82
BM,1983,157,6/6/1983,1,501.18
BM,1984,145,5/24/1984,1,500.792
BM,1984,158,6/6/1984,1,500.771
BM,1984,172,6/20/1984,1,500.768
BM,1984,185,7/3/1984,1,500.734
BM,1984,199,7/17/1984,1,500.692
BM,1984,214,8/1/1984,1,500.637
BM,1984,226,8/13/1984,1,500.67
BM,1984,248,9/4/1984,1,500.676
BM,1984,310,11/5/1984,1,500.606
BM,1985,121,5/1/1985,1,500.753
BM,1985,134,5/14/1985,1,500.817
BM,1985,150,5/30/1985,1,500.82
BM,1985,164,6/13/1985,1,500.826
BM,1985,177,6/26/1985,1,500.823
BM,1985,190,7/9/1985,1,500.82
BM,1985,206,7/25/1985,1,500.771
BM,1985,220,8/8/1985,1,500.723
BM,1985,233,8/21/1985,1,500.686
BM,1985,254,9/11/1985,1,500.713
BM,1985,276,10/3/1985,1,500.723
BM,1985,298,10/25/1985,1,500.738
BM,1985,317,11/13/1985,1,500.723
BM,1986,128,5/8/1986,1,500.74
BM,1986,139,5/19/1986,1,500.71
BM,1986,155,6/4/1986,1,500.67
BM,1986,169,6/18/1986,1,500.68
BM,1986,182,7/1/1986,1,500.68
BM,1986,197,7/16/1986,1,500.7
BM,1986,211,7/30/1986,1,500.7
BM,1986,224,8/12/1986,1,500.68
BM,1986,237,8/25/1986,1,500.67
BM,1986,253,9/10/1986,1,500.66
BM,1986,266,9/23/1986,1,500.67
BM,1986,280,10/7/1986,1,500.66
BM,1986,294,10/21/1986,1,500.68
BM,1987,126,5/6/1987,1,500.438
BM,1987,141,5/21/1987,1,500.413
BM,1987,153,6/2/1987,1,500.435
BM,1987,181,6/30/1987,1,500.349
BM,1987,195,7/14/1987,1,500.401
BM,1987,209,7/28/1987,1,500.401
BM,1987,223,8/11/1987,1,500.349
BM,1987,236,8/24/1987,1,500.291
BM,1987,252,9/9/1987,1,500.273
BM,1987,266,9/23/1987,1,500.261
BM,1987,279,10/6/1987,1,500.243
BM,1987,294,10/21/1987,1,500.206
BM,1987,308,11/4/1987,1,500.237
BM,1987,320,11/16/1987,1,500.249
BM,1988,132,5/11/1988,1,500.294
BM,1988,146,5/25/1988,1,500.257
BM,1988,161,6/9/1988,1,500.22
BM,1988,174,6/22/1988,1,500.153
BM,1988,202,7/20/1988,1,500.123
BM,1988,217,8/4/1988,1,500.111
BM,1988,231,8/18/1988,1,500.135
BM,1988,243,8/30/1988,1,500.08
BM,1988,256,9/12/1988,1,500.08
BM,1988,271,9/27/1988,1,500.074
BM,1988,287,10/13/1988,1,500.068
BM,1988,298,10/24/1988,1,500.044
BM,1988,312,11/7/1988,1,500.062
BM,1989,122,5/2/1989,1,500.196
BM,1989,135,5/15/1989,1,500.172
BM,1989,151,5/31/1989,1,500.215
BM,1989,163,6/12/1989,1,500.227
BM,1989,178,6/27/1989,1,500.227
BM,1989,191,7/10/1989,1,500.196
BM,1989,206,7/25/1989,1,500.142
BM,1989,222,8/10/1989,1,500.068
BM,1989,234,8/22/1989,1,500.074
BM,1989,250,9/7/1989,1,500.068
BM,1989,263,9/20/1989,1,500.062
BM,1989,276,10/3/1989,1,499.956
BM,1989,290,10/17/1989,1,499.919
BM,1989,305,11/1/1989,1,499.931
BM,1989,318,11/14/1989,1,499.943
BM,1990,121,5/1/1990,1,499.868
BM,1990,134,5/14/1990,1,499.917
BM,1990,151,5/31/1990,1,499.899
BM,1990,164,6/13/1990,1,499.905
BM,1990,177,6/26/1990,1,499.887
BM,1990,190,7/9/1990,1,499.899
BM,1990,207,7/26/1990,1,499.874
BM,1990,218,8/6/1990,1,499.838
BM,1990,233,8/21/1990,1,499.874
BM,1990,248,9/5/1990,1,499.905
BM,1990,263,9/20/1990,1,499.932
BM,1990,274,10/1/1990,1,499.911
BM,1990,292,10/19/1990,1,499.923
BM,1990,302,10/29/1990,1,499.929
BM,1990,318,11/14/1990,1,499.923
BM,1991,126,5/6/1991,1,500.09
BM,1991,140,5/20/1991,1,500.096
BM,1991,156,6/5/1991,1,500.145
BM,1991,168,6/17/1991,1,500.127
BM,1991,182,7/1/1991,1,500.176
BM,1991,196,7/15/1991,1,500.203
BM,1991,210,7/29/1991,1,500.206
BM,1991,226,8/14/1991,1,500.151
BM,1991,239,8/27/1991,1,500.133
BM,1991,252,9/9/1991,1,500.145
BM,1991,267,9/24/1991,1,500.139
BM,1991,280,10/7/1991,1,500.115
BM,1991,302,10/29/1991,1,500.121
BM,1992,141,5/20/1992,1,500.393
BM,1992,155,6/3/1992,1,500.307
BM,1992,170,6/18/1992,1,500.292
BM,1992,190,7/8/1992,1,500.31
BM,1992,196,7/14/1992,1,500.328
BM,1992,212,7/30/1992,1,500.271
BM,1992,225,8/12/1992,1,500.264
BM,1992,238,8/25/1992,1,500.226
BM,1992,253,9/9/1992,1,500.207
BM,1992,267,9/23/1992,1,500.235
BM,1992,281,10/7/1992,1,500.21
BM,1992,293,10/19/1992,1,500.226
BM,1992,316,11/11/1992,1,500.198
BM,1993,138,5/18/1993,1,500.344
BM,1993,153,6/2/1993,1,500.368
BM,1993,166,6/15/1993,1,500.393
BM,1993,179,6/28/1993,1,500.444
BM,1993,195,7/14/1993,1,500.429
BM,1993,209,7/28/1993,1,500.399
BM,1993,224,8/12/1993,1,500.384
BM,1993,238,8/26/1993,1,500.362
BM,1993,251,9/8/1993,1,500.356
BM,1993,264,9/21/1993,1,500.371
BM,1993,277,10/4/1993,1,500.335
BM,1993,292,10/19/1993,1,500.329
BM,1993,314,11/10/1993,1,500.359
BM,1994,180,6/29/1994,1,500.359
BM,1994,206,7/25/1994,1,500.375
BM,1994,222,8/10/1994,1,500.344
BM,1994,238,8/26/1994,1,500.304
BM,1994,249,9/6/1994,1,500.283
BM,1994,262,9/19/1994,1,500.393
BM,1994,278,10/5/1994,1,500.375
BM,1994,291,10/18/1994,1,500.384
BM,1994,307,11/3/1994,1,500.378
BM,1994,318,11/14/1994,1,500.353
BM,1995,123,5/3/1995,1,500.405
BM,1995,136,5/16/1995,1,500.417
BM,1995,150,5/30/1995,1,500.432
BM,1995,164,6/13/1995,1,500.432
BM,1995,177,6/26/1995,1,500.414
BM,1995,191,7/10/1995,1,500.386
BM,1995,206,7/25/1995,1,500.402
BM,1995,220,8/8/1995,1,500.402
BM,1995,235,8/23/1995,1,500.405
BM,1995,250,9/7/1995,1,500.368
BM,1995,263,9/20/1995,1,500.31
BM,1995,276,10/3/1995,1,500.325
BM,1995,289,10/16/1995,1,500.344
BM,1995,303,10/30/1995,1,500.392
BM,1996,162,6/10/1996,1,500.685
BM,1996,177,6/25/1996,1,500.697
BM,1996,192,7/10/1996,1,500.694
BM,1996,205,7/23/1996,1,500.728
BM,1996,219,8/6/1996,1,500.724
BM,1996,234,8/21/1996,1,500.728
BM,1996,247,9/3/1996,1,500.703
BM,1996,261,9/17/1996,1,500.66
BM,1996,276,10/2/1996,1,500.679
BM,1996,288,10/14/1996,1,500.612
BM,1996,311,11/6/1996,1,500.673
BM,1997,153,6/2/1997,1,500.85
BM,1997,168,6/17/1997,1,500.856
BM,1997,181,6/30/1997,1,500.844
BM,1997,195,7/14/1997,1,500.575
BM,1997,211,7/30/1997,1,500.813
BM,1997,225,8/13/1997,1,500.746
BM,1997,239,8/27/1997,1,500.755
BM,1997,253,9/10/1997,1,500.734
BM,1997,265,9/22/1997,1,500.74
BM,1997,283,10/10/1997,1,500.712
BM,1997,295,10/22/1997,1,500.712
BM,1997,316,11/12/1997,1,500.682
BM,1998,138,5/18/1998,1,500.643
BM,1998,153,6/2/1998,1,500.619
BM,1998,169,6/18/1998,1,500.646
BM,1998,181,6/30/1998,1,500.649
BM,1998,194,7/13/1998,1,500.616
BM,1998,209,7/28/1998,1,500.531
BM,1998,223,8/11/1998,1,500.497
BM,1998,236,8/24/1998,1,500.47
BM,1998,251,9/8/1998,1,500.384
BM,1998,264,9/21/1998,1,500.36
BM,1998,278,10/5/1998,1,500.342
BM,1998,293,10/20/1998,1,500.305
BM,1998,306,11/2/1998,1,500.284
BM,1999,152,6/1/1999,1,500.301
BM,1999,166,6/15/1999,1,500.325
BM,1999,179,6/28/1999,1,500.289
BM,1999,194,7/13/1999,1,500.38
BM,1999,208,7/27/1999,1,500.38
BM,1999,224,8/12/1999,1,500.344
BM,1999,239,8/27/1999,1,500.35
BM,1999,250,9/7/1999,1,500.304
BM,1999,266,9/23/1999,1,500.258
BM,1999,277,10/4/1999,1,500.215
BM,1999,294,10/21/1999,1,500.203
BM,1999,315,11/11/1999,1,500.161
BM,2000,123,5/2/2000,1,500.195
BM,2000,136,5/15/2000,1,500.17
BM,2000,151,5/30/2000,1,500.17
BM,2000,167,6/15/2000,1,500.15
BM,2000,178,6/26/2000,1,500.19
BM,2000,192,7/10/2000,1,500.34
BM,2000,206,7/24/2000,1,500.29
BM,2000,220,8/7/2000,1,500.29
BM,2000,237,8/24/2000,1,500.26
BM,2000,251,9/7/2000,1,500.22
BM,2000,264,9/20/2000,1,500.2
BM,2000,277,10/3/2000,1,500.165
BM,2000,290,10/16/2000,1,500.145
BM,2000,306,11/1/2000,1,500.135
BM,2000,319,11/14/2000,1,500.13
BM,2001,124,5/4/2001,1,500.18
BM,2001,135,5/15/2001,1,500.2
BM,2001,151,5/31/2001,1,500.22
BM,2001,163,6/12/2001,1,500.24
BM,2001,178,6/27/2001,1,500.22
BM,2001,191,7/10/2001,1,500.18
BM,2001,206,7/25/2001,1,500.27
BM,2001,219,8/7/2001,1,500.18
BM,2001,233,8/21/2001,1,500.12
BM,2001,247,9/4/2001,1,500.06
BM,2001,260,9/17/2001,1,500.06
BM,2001,274,10/1/2001,1,500.04
BM,2001,289,10/16/2001,1,500.02
BM,2001,304,10/31/2001,1,500.02
BM,2001,316,11/12/2001,1,500.01
BM,2002,140,5/20/2002,1,500.346
BM,2002,154,6/3/2002,1,500.341
BM,2002,169,6/18/2002,1,500.376
BM,2002,184,7/3/2002,1,500.356
BM,2002,196,7/15/2002,1,500.346
BM,2002,211,7/30/2002,1,500.371
BM,2002,224,8/12/2002,1,500.436
BM,2002,240,8/28/2002,1,500.346
BM,2002,252,9/9/2002,1,500.361
BM,2002,266,9/23/2002,1,500.336
BM,2002,280,10/7/2002,1,500.396
BM,2002,294,10/21/2002,1,500.391
BM,2002,309,11/5/2002,1,500.376
BM,2003,150,5/30/2003,1,500.501
BM,2003,160,6/9/2003,1,500.521
BM,2003,176,6/25/2003,1,500.491
BM,2003,190,7/9/2003,1,500.446
BM,2003,204,7/23/2003,1,500.411
BM,2003,218,8/6/2003,1,500.391
BM,2003,231,8/19/2003,1,500.346
BM,2003,245,9/2/2003,1,500.281
BM,2003,260,9/17/2003,1,500.241
BM,2003,275,10/2/2003,1,500.221
BM,2003,286,10/13/2003,1,500.181
BM,2003,302,10/29/2003,1,500.171
BM,2003,314,11/10/2003,1,500.171
BM,2004,132,5/11/2004,1,500.416
BM,2004,146,5/25/2004,1,500.431
BM,2004,160,6/8/2004,1,500.461
BM,2004,174,6/22/2004,1,500.416
BM,2004,189,7/7/2004,1,500.391
BM,2004,201,7/19/2004,1,500.271
BM,2004,216,8/3/2004,1,500.324
BM,2004,230,8/17/2004,1,500.296
BM,2004,243,8/30/2004,1,500.261
BM,2004,257,9/13/2004,1,500.226
BM,2004,272,9/28/2004,1,500.191
BM,2004,286,10/12/2004,1,500.171
BM,2004,301,10/27/2004,1,500.161
BM,2004,313,11/8/2004,1,500.171
BM,2005,151,5/31/2005,1,500.155
BM,2005,165,6/14/2005,1,500.193
BM,2005,179,6/28/2005,1,500.245
BM,2005,193,7/12/2005,1,500.085
BM,2005,207,7/26/2005,1,500.045
BM,2005,222,8/10/2005,1,500.015
BM,2005,235,8/23/2005,1,500.005
BM,2005,252,9/9/2005,1,499.905
BM,2005,265,9/22/2005,1,499.895
BM,2005,278,10/5/2005,1,500.025
BM,2005,290,10/17/2005,1,500.005
BM,2005,315,11/11/2005,1,499.955
BM,2006,114,4/24/2006,1,500.065
BM,2006,123,5/3/2006,1,500.064
BM,2006,139,5/19/2006,1,500.076
BM,2006,150,5/30/2006,1,500.129
BM,2006,164,6/13/2006,1,500.079
BM,2006,178,6/27/2006,1,500.064
BM,2006,191,7/10/2006,1,500.029
BM,2006,206,7/25/2006,1,499.974
BM,2006,219,8/7/2006,1,499.969
BM,2006,235,8/23/2006,1,499.899
BM,2006,248,9/5/2006,1,499.924
BM,2006,261,9/18/2006,1,499.804
BM,2006,275,10/2/2006,1,499.894
BM,2006,289,10/16/2006,1,499.874
BM,2007,142,5/22/2007,1,499.856
BM,2007,158,6/7/2007,1,499.816
BM,2007,171,6/20/2007,1,499.806
BM,2007,199,7/18/2007,1,499.732
BM,2007,213,8/1/2007,1,499.717
BM,2007,270,9/27/2007,1,499.422
BM,2007,281,10/8/2007,1,499.507
BM,2007,295,10/22/2007,1,499.512
BM,2007,313,11/9/2007,1,499.467
BM,2008,130,5/9/2008,1,499.583
BM,2008,155,6/3/2008,1,499.583
BM,2008,175,6/23/2008,1,499.583
BM,2008,198,7/16/2008,1,499.533
BM,2008,212,7/30/2008,1,499.54
BM,2008,228,8/15/2008,1,499.466
BM,2008,241,8/28/2008,1,499.435
BM,2008,252,9/8/2008,1,499.403
BM,2008,266,9/22/2008,1,499.395
BM,2008,280,10/6/2008,1,499.383
BM,2008,295,10/21/2008,1,499.358
BM,2008,312,11/7/2008,1,499.358
BM,2009,119,4/29/2009,1,499.424
BM,2009,132,5/12/2009,1,499.404
BM,2009,146,5/26/2009,1,499.389
BM,2009,161,6/10/2009,1,499.379
BM,2009,174,6/23/2009,1,499.329
BM,2009,188,7/7/2009,1,499.309
BM,2009,201,7/20/2009,1,499.264
BM,2009,216,8/4/2009,1,499.249
BM,2009,244,9/1/2009,1,499.204
BM,2009,264,9/21/2009,1,499.136
BM,2009,285,10/12/2009,1,499.126
BM,2009,299,10/26/2009,1,499.152
BM,2009,314,11/10/2009,1,499.135
BM,2010,123,5/3/2010,1,499.088
BM,2010,130,5/10/2010,1,499.083
BM,2010,145,5/25/2010,1,499.055
BM,2010,158,6/7/2010,1,499.06
BM,2010,175,6/24/2010,1,499.13
BM,2010,190,7/9/2010,1,499.135
BM,2010,201,7/20/2010,1,499.195
BM,2010,214,8/2/2010,1,499.23
BM,2010,229,8/17/2010,1,499.22
BM,2010,242,8/30/2010,1,499.264
BM,2010,258,9/15/2010,1,499.285
BM,2010,270,9/27/2010,1,499.355
BM,2010,287,10/14/2010,1,499.333
BM,2010,302,10/29/2010,1,499.355
BM,2010,315,11/11/2010,1,499.335
BM,2011,137,5/17/2011,1,499.517
BM,2011,151,5/31/2011,1,499.527
BM,2011,165,6/14/2011,1,499.497
BM,2011,182,7/1/2011,1,499.532
BM,2011,193,7/12/2011,1,499.507
BM,2011,208,7/27/2011,1,499.542
BM,2011,221,8/9/2011,1,499.582
BM,2011,235,8/23/2011,1,499.542
BM,2011,249,9/6/2011,1,499.502
BM,2011,262,9/19/2011,1,499.447
BM,2011,276,10/3/2011,1,499.441
BM,2011,291,10/18/2011,1,499.417
BM,2011,305,11/1/2011,1,499.41
BM,2011,319,11/15/2011,1,499.389
BM,2012,94,4/3/2012,1,499.479
BM,2012,110,4/19/2012,1,499.471
BM,2012,121,4/30/2012,1,499.453
BM,2012,138,5/17/2012,1,499.481
BM,2012,150,5/29/2012,1,499.509
BM,2012,165,6/13/2012,1,499.444
BM,2012,177,6/25/2012,1,499.514
BM,2012,192,7/10/2012,1,499.494
BM,2012,205,7/23/2012,1,499.434
BM,2012,222,8/9/2012,1,499.409
BM,2012,233,8/20/2012,1,499.366
BM,2012,248,9/4/2012,1,499.312
BM,2012,261,9/17/2012,1,499.265
BM,2012,275,10/1/2012,1,499.245
BM,2012,291,10/17/2012,1,499.2
BM,2012,303,10/29/2012,1,499.273
BM,2012,318,11/13/2012,1,499.286
BM,2013,144,5/24/2013,1,499.517
BM,2013,161,6/10/2013,1,499.558
BM,2013,175,6/24/2013,1,499.594
BM,2013,189,7/8/2013,1,499.622
BM,2013,219,8/7/2013,1,499.554
BM,2013,232,8/20/2013,1,499.5
BM,2013,246,9/3/2013,1,499.594
BM,2013,273,9/30/2013,1,499.506
BM,2013,301,10/28/2013,1,499.524
BM,2013,318,11/14/2013,1,499.53
BM,2014,140,5/20/2014,1,499.908
BM,2014,153,6/2/2014,1,499.923
BM,2014,167,6/16/2014,1,499.917
BM,2014,181,6/30/2014,1,499.963
BM,2014,196,7/15/2014,1,499.951
BM,2014,209,7/28/2014,1,499.911
BM,2014,223,8/11/2014,1,499.899
BM,2014,239,8/27/2014,1,499.871
BM,2014,252,9/9/2014,1,499.899
BM,2014,265,9/22/2014,1,499.929
BM,2014,280,10/7/2014,1,499.917
BM,2014,295,10/22/2014,1,499.929
BM,2014,309,11/5/2014,1,499.957
BM,2015,139,5/19/2015,1,499.997
BM,2015,154,6/3/2015,1,500.009
BM,2015,166,6/15/2015,1,500.064
BM,2015,181,6/30/2015,1,500.04
BM,2015,195,7/14/2015,1,500.064
BM,2015,210,7/29/2015,1,500.021
BM,2015,224,8/12/2015,1,499.997
BM,2015,237,8/25/2015,1,499.963
BM,2015,252,9/9/2015,1,499.966
BM,2015,266,9/23/2015,1,499.918
BM,2015,278,10/5/2015,1,499.866
BM,2015,294,10/21/2015,1,499.835
BM,2015,314,11/10/2015,1,499.869
CB,1984,157,6/5/1984,1,501.436
CB,1984,186,7/4/1984,1,501.394
CB,1984,200,7/18/1984,1,501.366
CB,1984,213,7/31/1984,1,501.302
CB,1984,250,9/6/1984,1,501.439
CB,1984,268,9/24/1984,1,501.448
CB,1984,291,10/17/1984,1,501.458
CB,1984,310,11/5/1984,1,501.461
CB,1985,122,5/2/1985,1,501.483
CB,1985,134,5/14/1985,1,501.501
CB,1985,150,5/30/1985,1,501.513
CB,1985,161,6/10/1985,1,501.437
CB,1985,176,6/25/1985,1,501.462
CB,1985,191,7/10/1985,1,501.459
CB,1985,203,7/22/1985,1,501.419
CB,1985,217,8/5/1985,1,501.37
CB,1985,232,8/20/1985,1,501.404
CB,1985,252,9/9/1985,1,501.456
CB,1985,276,10/3/1985,1,501.501
CB,1985,297,10/24/1985,1,501.486
CB,1985,316,11/12/1985,1,501.492
CB,1986,113,4/23/1986,1,501.526
CB,1986,126,5/6/1986,1,501.516
CB,1986,140,5/20/1986,1,501.466
CB,1986,153,6/2/1986,1,501.406
CB,1986,168,6/17/1986,1,501.396
CB,1986,182,7/1/1986,1,501.426
CB,1986,195,7/14/1986,1,501.486
CB,1986,212,7/31/1986,1,501.476
CB,1986,239,8/27/1986,1,501.476
CB,1986,252,9/9/1986,1,501.486
CB,1986,266,9/23/1986,1,501.536
CB,1986,281,10/8/1986,1,501.516
CB,1986,293,10/20/1986,1,501.536
CB,1987,120,4/30/1987,1,501.373
CB,1987,139,5/19/1987,1,501.34
CB,1987,154,6/3/1987,1,501.38
CB,1987,174,6/23/1987,1,501.312
CB,1987,182,7/1/1987,1,501.288
CB,1987,195,7/14/1987,1,501.376
CB,1987,208,7/27/1987,1,501.373
CB,1987,225,8/13/1987,1,501.34
CB,1987,237,8/25/1987,1,501.306
CB,1987,253,9/10/1987,1,501.306
CB,1987,266,9/23/1987,1,501.312
CB,1987,280,10/7/1987,1,501.312
CB,1987,293,10/20/1987,1,501.343
CB,1987,302,10/29/1987,1,501.349
CB,1987,321,11/17/1987,1,501.361
CB,1988,112,4/21/1988,1,501.448
CB,1988,132,5/11/1988,1,501.411
CB,1988,144,5/23/1988,1,501.374
CB,1988,160,6/8/1988,1,501.307
CB,1988,174,6/22/1988,1,501.265
CB,1988,189,7/7/1988,1,501.204
CB,1988,200,7/18/1988,1,501.222
CB,1988,215,8/2/1988,1,501.216
CB,1988,228,8/15/1988,1,501.246
CB,1988,245,9/1/1988,1,501.265
CB,1988,258,9/14/1988,1,501.307
CB,1988,270,9/26/1988,1,501.344
CB,1988,284,10/10/1988,1,501.319
CB,1988,301,10/27/1988,1,501.341
CB,1988,321,11/16/1988,1,501.444
CB,1989,136,5/16/1989,1,501.404
CB,1989,150,5/30/1989,1,501.404
CB,1989,165,6/14/1989,1,501.449
CB,1989,177,6/26/1989,1,501.422
CB,1989,192,7/11/1989,1,501.361
CB,1989,207,7/26/1989,1,501.294
CB,1989,221,8/9/1989,1,501.233
CB,1989,235,8/23/1989,1,501.27
CB,1989,249,9/6/1989,1,501.3
CB,1989,262,9/19/1989,1,501.257
CB,1989,275,10/2/1989,1,501.221
CB,1989,291,10/18/1989,1,501.215
CB,1989,303,10/30/1989,1,501.215
CB,1989,311,11/7/1989,1,501.251
CB,1990,122,5/2/1990,1,501.32
CB,1990,135,5/15/1990,1,501.278
CB,1990,150,5/30/1990,1,501.333
CB,1990,162,6/11/1990,1,501.308
CB,1990,176,6/25/1990,1,501.29
CB,1990,192,7/11/1990,1,501.305
CB,1990,206,7/25/1990,1,501.272
CB,1990,218,8/6/1990,1,501.247
CB,1990,232,8/20/1990,1,501.473
CB,1990,247,9/4/1990,1,501.473
CB,1990,260,9/17/1990,1,501.534
CB,1990,276,10/3/1990,1,501.565
CB,1990,288,10/15/1990,1,501.57
CB,1990,303,10/30/1990,1,501.613
CB,1990,312,11/8/1990,1,501.567
CB,1991,129,5/9/1991,1,501.461
CB,1991,141,5/21/1991,1,501.387
CB,1991,154,6/3/1991,1,501.409
CB,1991,168,6/17/1991,1,501.388
CB,1991,183,7/2/1991,1,501.357
CB,1991,197,7/16/1991,1,501.278
CB,1991,212,7/31/1991,1,501.363
CB,1991,224,8/12/1991,1,501.192
CB,1991,238,8/26/1991,1,501.217
CB,1991,253,9/10/1991,1,501.461
CB,1991,268,9/25/1991,1,501.375
CB,1991,281,10/8/1991,1,501.375
CB,1991,302,10/29/1991,1,501.449
CB,1992,190,7/8/1992,1,501.333
CB,1992,197,7/15/1992,1,501.338
CB,1992,209,7/27/1992,1,501.301
CB,1992,239,8/26/1992,1,501.272
CB,1992,267,9/23/1992,1,501.324
CB,1992,281,10/7/1992,1,501.352
CB,1992,296,10/22/1992,1,501.37
CB,1992,310,11/5/1992,1,501.382
CB,1993,124,5/4/1993,1,501.409
CB,1993,139,5/19/1993,1,501.372
CB,1993,154,6/3/1993,1,501.384
CB,1993,166,6/15/1993,1,501.391
CB,1993,182,7/1/1993,1,501.403
CB,1993,193,7/12/1993,1,501.372
CB,1993,210,7/29/1993,1,501.342
CB,1993,222,8/10/1993,1,501.348
CB,1993,237,8/25/1993,1,501.317
CB,1993,252,9/9/1993,1,501.421
CB,1993,263,9/20/1993,1,501.397
CB,1993,279,10/6/1993,1,501.378
CB,1993,293,10/20/1993,1,501.378
CB,1993,306,11/2/1993,1,501.384
CB,1994,122,5/2/1994,1,501.363
CB,1994,139,5/19/1994,1,501.305
CB,1994,157,6/6/1994,1,501.29
CB,1994,165,6/14/1994,1,501.293
CB,1994,180,6/29/1994,1,501.307
CB,1994,192,7/11/1994,1,501.333
CB,1994,207,7/26/1994,1,501.351
CB,1994,223,8/11/1994,1,501.314
CB,1994,234,8/22/1994,1,501.29
CB,1994,251,9/8/1994,1,501.275
CB,1994,263,9/20/1994,1,501.363
CB,1994,277,10/4/1994,1,501.369
CB,1994,306,11/2/1994,1,501.381
CB,1994,319,11/15/1994,1,501.363
CB,1995,122,5/2/1995,1,501.412
CB,1995,137,5/17/1995,1,501.452
CB,1995,153,6/2/1995,1,501.412
CB,1995,163,6/12/1995,1,501.424
CB,1995,178,6/27/1995,1,501.351
CB,1995,193,7/12/1995,1,501.342
CB,1995,205,7/24/1995,1,501.397
CB,1995,219,8/7/1995,1,501.421
CB,1995,234,8/22/1995,1,501.418
CB,1995,248,9/5/1995,1,501.391
CB,1995,264,9/21/1995,1,501.369
CB,1995,277,10/4/1995,1,501.436
CB,1995,290,10/17/1995,1,501.412
CB,1995,304,10/31/1995,1,501.461
CB,1996,177,6/25/1996,1,501.347
CB,1996,190,7/8/1996,1,501.386
CB,1996,204,7/22/1996,1,501.438
CB,1996,220,8/7/1996,1,501.526
CB,1996,235,8/22/1996,1,501.389
CB,1996,249,9/5/1996,1,501.511
CB,1996,262,9/18/1996,1,501.499
CB,1996,275,10/1/1996,1,501.548
CB,1997,210,7/29/1997,1,501.488
CB,1997,223,8/11/1997,1,501.439
CB,1997,238,8/26/1997,1,501.479
CB,1997,254,9/11/1997,1,501.475
CB,1997,265,9/22/1997,1,501.482
CB,1997,279,10/6/1997,1,501.457
CB,1997,294,10/21/1997,1,501.5
CB,1997,310,11/6/1997,1,501.5
CB,1998,110,4/20/1998,1,501.451
CB,1998,125,5/5/1998,1,501.393
CB,1998,139,5/19/1998,1,501.369
CB,1998,154,6/3/1998,1,501.369
CB,1998,167,6/16/1998,1,501.406
CB,1998,181,6/30/1998,1,501.418
CB,1998,196,7/15/1998,1,501.384
CB,1998,209,7/28/1998,1,501.341
CB,1998,222,8/10/1998,1,501.32
CB,1998,236,8/24/1998,1,501.323
CB,1998,251,9/8/1998,1,501.146
CB,1998,264,9/21/1998,1,501.244
CB,1998,280,10/7/1998,1,501.268
CB,1998,294,10/21/1998,1,501.262
CB,1998,306,11/2/1998,1,501.259
CB,1999,124,5/4/1999,1,501.241
CB,1999,139,5/19/1999,1,501.33
CB,1999,153,6/2/1999,1,501.208
CB,1999,165,6/14/1999,1,501.238
CB,1999,181,6/30/1999,1,501.25
CB,1999,194,7/13/1999,1,501.345
CB,1999,207,7/26/1999,1,501.314
CB,1999,221,8/9/1999,1,501.293
CB,1999,237,8/25/1999,1,501.308
CB,1999,252,9/9/1999,1,501.259
CB,1999,264,9/21/1999,1,501.269
CB,1999,278,10/5/1999,1,501.238
CB,1999,293,10/20/1999,1,501.256
CB,1999,307,11/3/1999,1,501.247
CB,2000,89,3/29/2000,1,501.345
CB,2000,108,4/17/2000,1,501.327
CB,2000,122,5/1/2000,1,501.312
CB,2000,138,5/17/2000,1,501.272
CB,2000,152,5/31/2000,1,501.245
CB,2000,166,6/14/2000,1,501.232
CB,2000,180,6/28/2000,1,501.296
CB,2000,192,7/10/2000,1,501.44
CB,2000,209,7/27/2000,1,501.306
CB,2000,221,8/8/2000,1,501.293
CB,2000,235,8/22/2000,1,501.263
CB,2000,250,9/6/2000,1,501.257
CB,2000,262,9/18/2000,1,501.254
CB,2000,276,10/2/2000,1,501.263
CB,2000,292,10/18/2000,1,501.263
CB,2000,305,10/31/2000,1,501.254
CB,2000,318,11/13/2000,1,501.275
CB,2001,123,5/3/2001,1,501.37
CB,2001,135,5/15/2001,1,501.35
CB,2001,155,6/4/2001,1,501.34
CB,2001,164,6/13/2001,1,501.36
CB,2001,177,6/26/2001,1,501.35
CB,2001,192,7/11/2001,1,501.33
CB,2001,205,7/24/2001,1,501.33
CB,2001,220,8/8/2001,1,501.34
CB,2001,234,8/22/2001,1,501.31
CB,2001,248,9/5/2001,1,501.26
CB,2001,262,9/19/2001,1,501.3
CB,2001,275,10/2/2001,1,501.29
CB,2001,290,10/17/2001,1,501.32
CB,2002,115,4/25/2002,1,501.381
CB,2002,128,5/8/2002,1,501.388
CB,2002,141,5/21/2002,1,501.323
CB,2002,155,6/4/2002,1,501.273
CB,2002,169,6/18/2002,1,501.288
CB,2002,182,7/1/2002,1,501.253
CB,2002,198,7/17/2002,1,501.193
CB,2002,210,7/29/2002,1,501.273
CB,2002,225,8/13/2002,1,501.283
CB,2002,239,8/27/2002,1,501.293
CB,2002,253,9/10/2002,1,501.318
CB,2002,266,9/23/2002,1,501.303
CB,2002,281,10/8/2002,1,501.393
CB,2002,295,10/22/2002,1,501.373
CB,2002,301,10/28/2002,1,501.368
CB,2003,121,5/1/2003,1,501.379
CB,2003,132,5/12/2003,1,501.439
CB,2003,147,5/27/2003,1,501.324
CB,2003,161,6/10/2003,1,501.319
CB,2003,176,6/25/2003,1,501.374
CB,2003,189,7/8/2003,1,501.324
CB,2003,203,7/22/2003,1,501.304
CB,2003,216,8/4/2003,1,501.284
CB,2003,230,8/18/2003,1,501.224
CB,2003,246,9/3/2003,1,501.214
CB,2003,261,9/18/2003,1,501.194
CB,2003,272,9/29/2003,1,501.209
CB,2003,288,10/15/2003,1,501.209
CB,2003,301,10/28/2003,1,501.214
CB,2003,310,11/6/2003,1,501.239
CB,2004,119,4/28/2004,1,501.426
CB,2004,132,5/11/2004,1,501.366
CB,2004,148,5/27/2004,1,501.396
CB,2004,161,6/9/2004,1,501.376
CB,2004,175,6/23/2004,1,501.326
CB,2004,190,7/8/2004,1,501.291
CB,2004,202,7/20/2004,1,501.266
CB,2004,217,8/4/2004,1,501.231
CB,2004,231,8/18/2004,1,501.236
CB,2004,244,8/31/2004,1,501.214
CB,2004,258,9/14/2004,1,501.191
CB,2004,273,9/29/2004,1,501.191
CB,2004,287,10/13/2004,1,501.191
CB,2004,300,10/26/2004,1,501.196
CB,2004,313,11/8/2004,1,501.261
CB,2005,124,5/4/2005,1,501.326
CB,2005,137,5/17/2005,1,501.326
CB,2005,153,6/2/2005,1,501.284
CB,2005,166,6/15/2005,1,501.324
CB,2005,180,6/29/2005,1,501.264
CB,2005,194,7/13/2005,1,501.114
CB,2005,208,7/27/2005,1,501.209
CB,2005,221,8/9/2005,1,501.164
CB,2005,234,8/22/2005,1,501.139
CB,2005,250,9/7/2005,1,501.089
CB,2005,263,9/20/2005,1,501.134
CB,2005,279,10/6/2005,1,501.379
CB,2005,292,10/19/2005,1,501.324
CB,2005,312,11/8/2005,1,501.293
CB,2006,108,4/18/2006,1,501.354
CB,2006,123,5/3/2006,1,501.316
CB,2006,137,5/17/2006,1,501.331
CB,2006,152,6/1/2006,1,501.321
CB,2006,179,6/28/2006,1,501.231
CB,2006,193,7/12/2006,1,501.216
CB,2006,207,7/26/2006,1,501.151
CB,2006,219,8/7/2006,1,501.191
CB,2006,234,8/22/2006,1,501.171
CB,2006,250,9/7/2006,1,501.141
CB,2006,261,9/18/2006,1,501.136
CB,2006,276,10/3/2006,1,501.146
CB,2006,291,10/18/2006,1,501.171
CB,2006,299,10/26/2006,1,501.179
CB,2007,113,4/23/2007,1,501.228
CB,2007,128,5/8/2007,1,501.178
CB,2007,143,5/23/2007,1,501.136
CB,2007,156,6/5/2007,1,501.141
CB,2007,169,6/18/2007,1,501.091
CB,2007,184,7/3/2007,1,501.066
CB,2007,199,7/18/2007,1,501.036
CB,2007,212,7/31/2007,1,501.016
CB,2007,226,8/14/2007,1,500.951
CB,2007,240,8/28/2007,1,500.926
CB,2007,253,9/10/2007,1,500.886
CB,2007,269,9/26/2007,1,500.906
CB,2007,283,10/10/2007,1,501.086
CB,2007,296,10/23/2007,1,501.121
CB,2007,312,11/8/2007,1,501.091
CB,2008,127,5/6/2008,1,501.293
CB,2008,141,5/20/2008,1,501.225
CB,2008,157,6/5/2008,1,501.213
CB,2008,172,6/20/2008,1,501.192
CB,2008,184,7/2/2008,1,501.164
CB,2008,199,7/17/2008,1,501.127
CB,2008,211,7/29/2008,1,501.14
CB,2008,228,8/15/2008,1,501.063
CB,2008,240,8/27/2008,1,501.045
CB,2008,253,9/9/2008,1,501.04
CB,2008,269,9/25/2008,1,501.065
CB,2008,281,10/7/2008,1,501.08
CB,2008,296,10/22/2008,1,501.07
CB,2008,311,11/6/2008,1,501.1
CB,2009,117,4/27/2009,1,501.26
CB,2009,132,5/12/2009,1,501.217
CB,2009,147,5/27/2009,1,501.182
CB,2009,160,6/9/2009,1,501.182
CB,2009,174,6/23/2009,1,501.142
CB,2009,189,7/8/2009,1,501.087
CB,2009,203,7/22/2009,1,501.052
CB,2009,215,8/3/2009,1,501.042
CB,2009,230,8/18/2009,1,501.002
CB,2009,245,9/2/2009,1,501.027
CB,2009,259,9/16/2009,1,500.982
CB,2009,271,9/28/2009,1,500.972
CB,2009,286,10/13/2009,1,501.022
CB,2009,301,10/28/2009,1,501.082
CB,2009,313,11/9/2009,1,501.092
CB,2010,104,4/14/2010,1,501.068
CB,2010,116,4/26/2010,1,501.05
CB,2010,131,5/11/2010,1,501.084
CB,2010,147,5/27/2010,1,501.042
CB,2010,159,6/8/2010,1,501.039
CB,2010,172,6/21/2010,1,501.106
CB,2010,187,7/6/2010,1,501.185
CB,2010,200,7/19/2010,1,501.209
CB,2010,216,8/4/2010,1,501.209
CB,2010,228,8/16/2010,1,501.217
CB,2010,245,9/2/2010,1,501.224
CB,2010,258,9/15/2010,1,501.204
CB,2010,270,9/27/2010,1,501.287
CB,2010,286,10/13/2010,1,501.219
CB,2010,298,10/25/2010,1,501.219
CB,2010,316,11/12/2010,1,501.214
CB,2011,122,5/2/2011,1,501.298
CB,2011,139,5/19/2011,1,501.255
CB,2011,153,6/2/2011,1,501.225
CB,2011,166,6/15/2011,1,501.175
CB,2011,180,6/29/2011,1,501.215
CB,2011,192,7/11/2011,1,501.17
CB,2011,207,7/26/2011,1,501.205
CB,2011,222,8/10/2011,1,501.225
CB,2011,236,8/24/2011,1,501.2
CB,2011,250,9/7/2011,1,501.165
CB,2011,264,9/21/2011,1,501.13
CB,2011,277,10/4/2011,1,501.133
CB,2011,292,10/19/2011,1,501.135
CB,2011,305,11/1/2011,1,501.143
CB,2011,312,11/8/2011,1,501.135
CB,2012,95,4/4/2012,1,501.207
CB,2012,110,4/19/2012,1,501.2
CB,2012,122,5/1/2012,1,501.171
CB,2012,136,5/15/2012,1,501.196
CB,2012,151,5/30/2012,1,501.184
CB,2012,165,6/13/2012,1,501.129
CB,2012,179,6/27/2012,1,501.212
CB,2012,191,7/9/2012,1,501.181
CB,2012,206,7/24/2012,1,501.109
CB,2012,221,8/8/2012,1,501.099
CB,2012,235,8/22/2012,1,501.089
CB,2012,249,9/5/2012,1,501.05
CB,2012,262,9/18/2012,1,501.044
CB,2012,277,10/3/2012,1,501.027
CB,2012,291,10/17/2012,1,501.016
CB,2012,304,10/30/2012,1,501.147
CB,2012,310,11/5/2012,1,501.179
CB,2013,133,5/13/2013,1,501.253
CB,2013,162,6/11/2013,1,501.197
CB,2013,177,6/26/2013,1,501.202
CB,2013,190,7/9/2013,1,501.252
CB,2013,217,8/5/2013,1,501.142
CB,2013,231,8/19/2013,1,501.105
CB,2013,248,9/5/2013,1,501.172
CB,2013,276,10/3/2013,1,501.146
CB,2013,301,10/28/2013,1,501.197
CB,2013,311,11/7/2013,1,501.217
CB,2014,141,5/21/2014,1,501.283
CB,2014,155,6/4/2014,1,501.232
CB,2014,169,6/18/2014,1,501.198
CB,2014,182,7/1/2014,1,501.162
CB,2014,196,7/15/2014,1,501.159
CB,2014,210,7/29/2014,1,501.154
CB,2014,225,8/13/2014,1,501.122
CB,2014,238,8/26/2014,1,501.127
CB,2014,253,9/10/2014,1,501.163
CB,2014,268,9/25/2014,1,501.214
CB,2014,281,10/8/2014,1,501.217
CB,2014,294,10/21/2014,1,501.237
CB,2014,308,11/4/2014,1,501.237
CB,2015,110,4/20/2015,1,501.282
CB,2015,127,5/7/2015,1,501.232
CB,2015,140,5/20/2015,1,501.236
CB,2015,153,6/2/2015,1,501.251
CB,2015,167,6/16/2015,1,501.289
CB,2015,180,6/29/2015,1,501.249
CB,2015,195,7/14/2015,1,501.246
CB,2015,210,7/29/2015,1,501.195
CB,2015,224,8/12/2015,1,501.199
CB,2015,238,8/26/2015,1,501.201
CB,2015,252,9/9/2015,1,501.187
CB,2015,264,9/21/2015,1,501.164
CB,2015,280,10/7/2015,1,501.136
CB,2015,292,10/19/2015,1,501.145
CB,2015,313,11/9/2015,1,501.208
CR,1981,113,4/23/1981,1,501.87
CR,1981,155,6/4/1981,1,501.81
CR,1981,208,7/27/1981,1,501.78
CR,1981,237,8/25/1981,1,501.72
CR,1981,253,9/10/1981,1,501.65
CR,1981,335,12/1/1981,1,501.66
CR,1982,22,1/22/1982,1,501.66
CR,1982,60,3/1/1982,1,501.61
CR,1982,98,4/8/1982,1,501.49
CR,1982,130,5/10/1982,1,501.71
CR,1982,147,5/27/1982,1,501.79
CR,1982,158,6/7/1982,1,501.75
CR,1982,200,7/19/1982,1,501.8
CR,1982,228,8/16/1982,1,501.75
CR,1982,265,9/22/1982,1,501.81
CR,1982,294,10/21/1982,1,501.86
CR,1982,337,12/3/1982,1,501.89
CR,1983,14,1/14/1983,1,501.96
CR,1983,52,2/21/1983,1,501.97
CR,1983,89,3/30/1983,1,501.89
CR,1983,132,5/12/1983,1,502.04
CR,1983,157,6/6/1983,1,502
CR,1983,188,7/7/1983,1,501.95
CR,1984,5,1/5/1984,1,501.9
CR,1984,60,2/29/1984,1,501.93
CR,1984,103,4/12/1984,1,501.9
CR,1985,121,5/1/1985,1,501.871
CR,1985,135,5/15/1985,1,501.883
CR,1985,149,5/29/1985,1,501.85
CR,1985,163,6/12/1985,1,501.865
CR,1985,175,6/24/1985,1,501.853
CR,1985,189,7/8/1985,1,501.853
CR,1985,204,7/23/1985,1,501.798
CR,1985,219,8/7/1985,1,501.755
CR,1985,234,8/22/1985,1,501.743
CR,1985,254,9/11/1985,1,501.773
CR,1985,275,10/2/1985,1,501.792
CR,1985,295,10/22/1985,1,501.859
CR,1985,317,11/13/1985,1,501.859
CR,1986,125,5/5/1986,1,502.001
CR,1986,142,5/22/1986,1,501.901
CR,1986,156,6/5/1986,1,501.821
CR,1986,170,6/19/1986,1,501.821
CR,1986,183,7/2/1986,1,501.821
CR,1986,198,7/17/1986,1,501.851
CR,1986,211,7/30/1986,1,501.851
CR,1986,226,8/14/1986,1,501.841
CR,1986,239,8/27/1986,1,501.811
CR,1986,254,9/11/1986,1,501.801
CR,1986,267,9/24/1986,1,501.811
CR,1986,281,10/8/1986,1,501.801
CR,1986,295,10/22/1986,1,501.831
CR,1987,173,6/22/1987,1,501.512
CR,1987,182,7/1/1987,1,501.469
CR,1987,197,7/16/1987,1,501.506
CR,1987,210,7/29/1987,1,501.515
CR,1987,224,8/12/1987,1,501.457
CR,1987,239,8/27/1987,1,501.42
CR,1987,251,9/8/1987,1,501.405
CR,1987,265,9/22/1987,1,501.378
CR,1987,280,10/7/1987,1,501.335
CR,1987,295,10/22/1987,1,501.329
CR,1987,308,11/4/1987,1,501.317
CR,1987,322,11/18/1987,1,501.311
CR,1988,117,4/26/1988,1,501.468
CR,1988,133,5/12/1988,1,501.449
CR,1988,147,5/26/1988,1,501.413
CR,1988,160,6/8/1988,1,501.367
CR,1988,175,6/23/1988,1,501.309
CR,1988,188,7/6/1988,1,501.26
CR,1988,203,7/21/1988,1,501.254
CR,1988,215,8/2/1988,1,501.236
CR,1988,230,8/17/1988,1,501.279
CR,1988,244,8/31/1988,1,501.23
CR,1988,257,9/13/1988,1,501.23
CR,1988,273,9/29/1988,1,501.23
CR,1988,313,11/8/1988,1,501.193
CR,1989,122,5/2/1989,1,501.334
CR,1989,137,5/17/1989,1,501.316
CR,1989,152,6/1/1989,1,501.34
CR,1989,166,6/15/1989,1,501.359
CR,1989,180,6/29/1989,1,501.353
CR,1989,193,7/12/1989,1,501.328
CR,1989,208,7/27/1989,1,501.267
CR,1989,221,8/9/1989,1,501.194
CR,1989,236,8/24/1989,1,501.206
CR,1989,250,9/7/1989,1,501.212
CR,1989,264,9/21/1989,1,501.151
CR,1989,278,10/5/1989,1,501.078
CR,1989,292,10/19/1989,1,501.045
CR,1989,304,10/31/1989,1,501.051
CR,1989,319,11/15/1989,1,501.072
CR,1990,123,5/3/1990,1,501.044
CR,1990,136,5/16/1990,1,501.087
CR,1990,151,5/31/1990,1,501.087
CR,1990,163,6/12/1990,1,501.102
CR,1990,179,6/28/1990,1,501.096
CR,1990,192,7/11/1990,1,501.13
CR,1990,206,7/25/1990,1,501.115
CR,1990,221,8/9/1990,1,501.072
CR,1990,235,8/23/1990,1,501.109
CR,1990,249,9/6/1990,1,501.139
CR,1990,262,9/19/1990,1,501.163
CR,1990,277,10/4/1990,1,501.142
CR,1990,290,10/17/1990,1,501.166
CR,1990,305,11/1/1990,1,501.173
CR,1990,318,11/14/1990,1,501.148
CR,1991,128,5/8/1991,1,501.267
CR,1991,142,5/22/1991,1,501.279
CR,1991,157,6/6/1991,1,501.328
CR,1991,171,6/20/1991,1,501.304
CR,1991,183,7/2/1991,1,501.368
CR,1991,198,7/17/1991,1,501.395
CR,1991,213,8/1/1991,1,501.404
CR,1991,227,8/15/1991,1,501.352
CR,1991,241,8/29/1991,1,501.334
CR,1991,255,9/12/1991,1,501.352
CR,1991,268,9/25/1991,1,501.352
CR,1991,283,10/10/1991,1,501.316
CR,1991,304,10/31/1991,1,501.322
CR,1992,139,5/18/1992,1,501.563
CR,1992,154,6/2/1992,1,501.529
CR,1992,170,6/18/1992,1,501.511
CR,1992,188,7/6/1992,1,501.526
CR,1992,195,7/13/1992,1,501.554
CR,1992,212,7/30/1992,1,501.499
CR,1992,223,8/10/1992,1,501.523
CR,1992,238,8/25/1992,1,501.499
CR,1992,252,9/8/1992,1,501.468
CR,1992,266,9/22/1992,1,501.493
CR,1992,282,10/8/1992,1,501.474
CR,1992,294,10/20/1992,1,501.471
CR,1992,314,11/9/1992,1,501.465
CR,1993,139,5/19/1993,1,501.561
CR,1993,153,6/2/1993,1,501.585
CR,1993,167,6/16/1993,1,501.604
CR,1993,180,6/29/1993,1,501.655
CR,1993,209,7/28/1993,1,501.628
CR,1993,221,8/9/1993,1,501.625
CR,1993,236,8/24/1993,1,501.61
CR,1993,250,9/7/1993,1,501.622
CR,1993,264,9/21/1993,1,501.622
CR,1993,279,10/6/1993,1,501.579
CR,1993,293,10/20/1993,1,501.573
CR,1993,313,11/9/1993,1,501.555
CR,1994,181,6/30/1994,1,501.568
CR,1994,195,7/14/1994,1,501.584
CR,1994,209,7/28/1994,1,501.627
CR,1994,222,8/10/1994,1,501.606
CR,1994,237,8/25/1994,1,501.581
CR,1994,250,9/7/1994,1,501.53
CR,1994,265,9/22/1994,1,501.645
CR,1994,279,10/6/1994,1,501.648
CR,1994,293,10/20/1994,1,501.651
CR,1994,306,11/2/1994,1,501.63
CR,1994,320,11/16/1994,1,501.612
CR,1995,151,5/31/1995,1,501.707
CR,1995,166,6/15/1995,1,501.707
CR,1995,179,6/28/1995,1,501.679
CR,1995,194,7/13/1995,1,501.655
CR,1995,208,7/27/1995,1,501.673
CR,1995,222,8/10/1995,1,501.682
CR,1995,235,8/23/1995,1,501.685
CR,1995,249,9/6/1995,1,501.643
CR,1995,263,9/20/1995,1,501.606
CR,1995,278,10/5/1995,1,501.621
CR,1995,292,10/19/1995,1,501.646
CR,1995,305,11/1/1995,1,501.697
CR,1995,318,11/14/1995,1,501.658
CR,1996,163,6/11/1996,1,501.911
CR,1996,191,7/9/1996,1,501.901
CR,1996,206,7/24/1996,1,501.92
CR,1996,220,8/7/1996,1,501.953
CR,1996,235,8/22/1996,1,501.953
CR,1996,248,9/4/1996,1,501.923
CR,1996,263,9/19/1996,1,501.877
CR,1996,275,10/1/1996,1,501.862
CR,1996,290,10/16/1996,1,501.908
CR,1996,310,11/5/1996,1,501.877
CR,1997,154,6/3/1997,1,502.081
CR,1997,167,6/16/1997,1,502.087
CR,1997,182,7/1/1997,1,502.093
CR,1997,196,7/15/1997,1,502.096
CR,1997,209,7/28/1997,1,502.124
CR,1997,224,8/12/1997,1,502.029
CR,1997,237,8/25/1997,1,502.029
CR,1997,251,9/8/1997,1,502.02
CR,1997,266,9/23/1997,1,502.005
CR,1997,279,10/6/1997,1,501.974
CR,1997,293,10/20/1997,1,501.99
CR,1997,314,11/10/1997,1,501.938
CR,1998,140,5/20/1998,1,501.871
CR,1998,154,6/3/1998,1,501.84
CR,1998,166,6/15/1998,1,501.855
CR,1998,182,7/1/1998,1,501.846
CR,1998,196,7/15/1998,1,501.831
CR,1998,211,7/30/1998,1,501.746
CR,1998,224,8/12/1998,1,501.718
CR,1998,238,8/26/1998,1,501.694
CR,1998,253,9/10/1998,1,501.602
CR,1998,265,9/22/1998,1,501.572
CR,1998,280,10/7/1998,1,501.538
CR,1998,295,10/22/1998,1,501.499
CR,1998,308,11/4/1998,1,501.474
CR,1999,154,6/3/1999,1,501.531
CR,1999,168,6/17/1999,1,501.568
CR,1999,181,6/30/1999,1,501.531
CR,1999,195,7/14/1999,1,501.619
CR,1999,210,7/29/1999,1,501.641
CR,1999,223,8/11/1999,1,501.601
CR,1999,237,8/25/1999,1,501.607
CR,1999,251,9/8/1999,1,501.555
CR,1999,265,9/22/1999,1,501.525
CR,1999,279,10/6/1999,1,501.467
CR,1999,293,10/20/1999,1,501.458
CR,1999,313,11/9/1999,1,501.403
CR,2000,124,5/3/2000,1,501.38
CR,2000,139,5/18/2000,1,501.355
CR,2000,153,6/1/2000,1,501.34
CR,2000,166,6/14/2000,1,501.31
CR,2000,180,6/28/2000,1,501.35
CR,2000,195,7/13/2000,1,501.535
CR,2000,209,7/27/2000,1,501.48
CR,2000,223,8/10/2000,1,501.48
CR,2000,234,8/21/2000,1,501.48
CR,2000,252,9/8/2000,1,501.42
CR,2000,265,9/21/2000,1,501.405
CR,2000,279,10/5/2000,1,501.345
CR,2000,293,10/19/2000,1,501.32
CR,2000,307,11/2/2000,1,501.3
CR,2000,320,11/15/2000,1,501.295
CR,2001,123,5/3/2001,1,501.36
CR,2001,136,5/16/2001,1,501.37
CR,2001,152,6/1/2001,1,501.37
CR,2001,164,6/13/2001,1,501.4
CR,2001,179,6/28/2001,1,501.41
CR,2001,193,7/12/2001,1,501.35
CR,2001,206,7/25/2001,1,501.35
CR,2001,221,8/9/2001,1,501.36
CR,2001,235,8/23/2001,1,501.28
CR,2001,249,9/6/2001,1,501.23
CR,2001,263,9/20/2001,1,501.24
CR,2001,277,10/4/2001,1,501.22
CR,2001,290,10/17/2001,1,501.2
CR,2001,304,10/31/2001,1,501.2
CR,2002,143,5/23/2002,1,501.509
CR,2002,171,6/20/2002,1,501.519
CR,2002,183,7/2/2002,1,501.509
CR,2002,199,7/18/2002,1,501.479
CR,2002,213,8/1/2002,1,501.499
CR,2002,227,8/15/2002,1,501.469
CR,2002,240,8/28/2002,1,501.489
CR,2002,254,9/11/2002,1,501.509
CR,2002,268,9/25/2002,1,501.489
CR,2002,283,10/10/2002,1,501.559
CR,2002,296,10/23/2002,1,501.559
CR,2002,309,11/5/2002,1,501.534
CR,2003,148,5/28/2003,1,501.674
CR,2003,162,6/11/2003,1,501.704
CR,2003,177,6/26/2003,1,501.674
CR,2003,190,7/9/2003,1,501.624
CR,2003,205,7/24/2003,1,501.584
CR,2003,219,8/7/2003,1,501.574
CR,2003,233,8/21/2003,1,501.524
CR,2003,247,9/4/2003,1,501.459
CR,2003,261,9/18/2003,1,501.424
CR,2003,274,10/1/2003,1,501.394
CR,2003,289,10/16/2003,1,501.344
CR,2003,302,10/29/2003,1,501.339
CR,2003,318,11/14/2003,1,501.314
CR,2004,134,5/13/2004,1,501.516
CR,2004,148,5/27/2004,1,501.529
CR,2004,160,6/8/2004,1,501.539
CR,2004,176,6/24/2004,1,501.491
CR,2004,191,7/9/2004,1,501.444
CR,2004,203,7/21/2004,1,501.431
CR,2004,218,8/5/2004,1,501.466
CR,2004,232,8/19/2004,1,501.461
CR,2004,245,9/1/2004,1,501.421
CR,2004,258,9/14/2004,1,501.401
CR,2004,275,10/1/2004,1,501.356
CR,2004,287,10/13/2004,1,501.366
CR,2004,301,10/27/2004,1,501.346
CR,2005,154,6/3/2005,1,501.33
CR,2005,166,6/15/2005,1,501.34
CR,2005,180,6/29/2005,1,501.3
CR,2005,195,7/14/2005,1,501.25
CR,2005,209,7/28/2005,1,501.22
CR,2005,222,8/10/2005,1,501.185
CR,2005,236,8/24/2005,1,501.13
CR,2005,249,9/6/2005,1,501.09
CR,2005,263,9/20/2005,1,501.105
CR,2005,280,10/7/2005,1,501.22
CR,2005,291,10/18/2005,1,501.21
CR,2005,319,11/15/2005,1,501.17
CR,2006,109,4/19/2006,1,501.252
CR,2006,122,5/2/2006,1,501.244
CR,2006,139,5/19/2006,1,501.261
CR,2006,151,5/31/2006,1,501.298
CR,2006,166,6/15/2006,1,501.263
CR,2006,180,6/29/2006,1,501.133
CR,2006,194,7/13/2006,1,501.114
CR,2006,208,7/27/2006,1,501.128
CR,2006,222,8/10/2006,1,501.098
CR,2006,235,8/23/2006,1,501.083
CR,2006,251,9/8/2006,1,501.053
CR,2006,263,9/20/2006,1,501.033
CR,2006,278,10/5/2006,1,501.103
CR,2006,291,10/18/2006,1,500.993
CR,2006,307,11/3/2006,1,500.953
CR,2007,144,5/24/2007,1,500.969
CR,2007,157,6/6/2007,1,500.949
CR,2007,172,6/21/2007,1,500.919
CR,2007,185,7/4/2007,1,500.864
CR,2007,200,7/19/2007,1,500.829
CR,2007,213,8/1/2007,1,500.809
CR,2007,228,8/16/2007,1,500.739
CR,2007,241,8/29/2007,1,500.705
CR,2007,256,9/13/2007,1,500.609
CR,2007,267,9/24/2007,1,500.599
CR,2007,284,10/11/2007,1,500.729
CR,2007,298,10/25/2007,1,500.739
CR,2007,320,11/16/2007,1,500.694
CR,2008,254,9/10/2008,1,500.637
CR,2008,268,9/24/2008,1,500.665
CR,2008,283,10/9/2008,1,500.657
CR,2008,296,10/22/2008,1,500.607
CR,2008,317,11/12/2008,1,500.617
CR,2009,118,4/28/2009,1,500.661
CR,2009,135,5/15/2009,1,500.661
CR,2009,149,5/29/2009,1,500.631
CR,2009,162,6/11/2009,1,500.631
CR,2009,180,6/29/2009,1,500.591
CR,2009,189,7/8/2009,1,500.576
CR,2009,204,7/23/2009,1,500.531
CR,2009,217,8/5/2009,1,500.491
CR,2009,232,8/20/2009,1,500.481
CR,2009,244,9/1/2009,1,500.476
CR,2009,259,9/16/2009,1,500.431
CR,2009,273,9/30/2009,1,500.391
CR,2009,288,10/15/2009,1,500.391
CR,2009,301,10/28/2009,1,500.411
CR,2009,315,11/11/2009,1,500.401
CR,2010,124,5/4/2010,1,500.334
CR,2010,132,5/12/2010,1,500.329
CR,2010,146,5/26/2010,1,500.316
CR,2010,153,6/2/2010,1,500.314
CR,2010,160,6/9/2010,1,500.324
CR,2010,167,6/16/2010,1,500.379
CR,2010,174,6/23/2010,1,500.394
CR,2010,181,6/30/2010,1,500.414
CR,2010,189,7/8/2010,1,500.459
CR,2010,202,7/21/2010,1,500.484
CR,2010,208,7/27/2010,1,500.501
CR,2010,217,8/5/2010,1,500.509
CR,2010,223,8/11/2010,1,500.529
CR,2010,231,8/19/2010,1,500.549
CR,2010,243,8/31/2010,1,500.579
CR,2010,259,9/16/2010,1,500.589
CR,2010,273,9/30/2010,1,500.649
CR,2010,286,10/13/2010,1,500.629
CR,2010,302,10/29/2010,1,500.639
CR,2010,314,11/10/2010,1,500.609
CR,2011,138,5/18/2011,1,500.713
CR,2011,145,5/25/2011,1,500.733
CR,2011,152,6/1/2011,1,500.723
CR,2011,166,6/15/2011,1,500.673
CR,2011,175,6/24/2011,1,500.668
CR,2011,181,6/30/2011,1,500.713
CR,2011,188,7/7/2011,1,500.693
CR,2011,195,7/14/2011,1,500.683
CR,2011,201,7/20/2011,1,500.723
CR,2011,208,7/27/2011,1,500.713
CR,2011,215,8/3/2011,1,500.763
CR,2011,222,8/10/2011,1,500.763
CR,2011,229,8/17/2011,1,500.763
CR,2011,236,8/24/2011,1,500.698
CR,2011,251,9/8/2011,1,500.668
CR,2011,265,9/22/2011,1,500.615
CR,2011,279,10/6/2011,1,500.593
CR,2011,292,10/19/2011,1,500.578
CR,2011,306,11/2/2011,1,500.573
CR,2011,320,11/16/2011,1,500.543
CR,2012,96,4/5/2012,1,501.054
CR,2012,109,4/18/2012,1,500.633
CR,2012,125,5/4/2012,1,500.638
CR,2012,138,5/17/2012,1,500.653
CR,2012,153,6/1/2012,1,500.69
CR,2012,164,6/12/2012,1,500.643
CR,2012,173,6/21/2012,1,500.73
CR,2012,180,6/28/2012,1,500.713
CR,2012,186,7/4/2012,1,500.73
CR,2012,193,7/11/2012,1,500.718
CR,2012,200,7/18/2012,1,500.698
CR,2012,208,7/26/2012,1,500.673
CR,2012,214,8/1/2012,1,500.668
CR,2012,221,8/8/2012,1,500.638
CR,2012,229,8/16/2012,1,500.633
CR,2012,235,8/22/2012,1,500.6
CR,2012,250,9/6/2012,1,500.559
CR,2012,264,9/20/2012,1,500.506
CR,2012,277,10/3/2012,1,500.446
CR,2012,292,10/18/2012,1,500.416
CR,2012,305,10/31/2012,1,500.472
CR,2012,319,11/14/2012,1,500.475
CR,2013,144,5/24/2013,1,500.756
CR,2013,178,6/27/2013,1,500.845
CR,2013,191,7/10/2013,1,500.894
CR,2013,220,8/8/2013,1,500.833
CR,2013,233,8/21/2013,1,500.79
CR,2013,274,10/1/2013,1,500.784
CR,2013,304,10/31/2013,1,500.784
CR,2013,317,11/13/2013,1,500.784
CR,2014,142,5/22/2014,1,501.152
CR,2014,155,6/4/2014,1,501.155
CR,2014,169,6/18/2014,1,501.134
CR,2014,184,7/3/2014,1,501.185
CR,2014,198,7/17/2014,1,501.161
CR,2014,212,7/31/2014,1,501.127
CR,2014,225,8/13/2014,1,501.1
CR,2014,240,8/28/2014,1,501.082
CR,2014,253,9/10/2014,1,501.182
CR,2014,267,9/24/2014,1,501.161
CR,2014,280,10/7/2014,1,501.167
CR,2014,293,10/20/2014,1,501.185
CR,2014,317,11/13/2014,1,501.191
CR,2015,124,5/4/2015,1,501.267
CR,2015,140,5/20/2015,1,501.277
CR,2015,152,6/1/2015,1,501.313
CR,2015,167,6/16/2015,1,501.368
CR,2015,182,7/1/2015,1,501.371
CR,2015,194,7/13/2015,1,501.402
CR,2015,208,7/27/2015,1,501.347
CR,2015,222,8/10/2015,1,501.31
CR,2015,236,8/24/2015,1,501.28
CR,2015,253,9/10/2015,1,501.264
CR,2015,265,9/22/2015,1,501.219
CR,2015,279,10/6/2015,1,501.17
CR,2015,293,10/20/2015,1,501.139
CR,2015,314,11/10/2015,1,501.167
SP,1984,142,5/21/1984,1,495.263
SP,1984,172,6/20/1984,1,495.254
SP,1984,187,7/5/1984,1,495.208
SP,1984,198,7/16/1984,1,495.175
SP,1984,213,7/31/1984,1,495.114
SP,1984,229,8/16/1984,1,495.162
SP,1984,269,9/25/1984,1,495.144
SP,1984,312,11/7/1984,1,495.083
SP,1985,119,4/29/1985,1,495.218
SP,1985,135,5/15/1985,1,495.276
SP,1985,149,5/29/1985,1,495.282
SP,1985,161,6/10/1985,1,495.313
SP,1985,176,6/25/1985,1,495.306
SP,1985,203,7/22/1985,1,495.282
SP,1985,217,8/5/1985,1,495.215
SP,1985,231,8/19/1985,1,495.206
SP,1985,253,9/10/1985,1,495.23
SP,1985,273,9/30/1985,1,495.249
SP,1985,315,11/11/1985,1,495.34
SP,1986,127,5/7/1986,1,495.321
SP,1986,139,5/19/1986,1,495.291
SP,1986,154,6/3/1986,1,495.241
SP,1986,167,6/16/1986,1,495.221
SP,1986,181,6/30/1986,1,495.231
SP,1986,195,7/14/1986,1,495.241
SP,1986,210,7/29/1986,1,495.241
SP,1986,223,8/11/1986,1,495.231
SP,1986,237,8/25/1986,1,495.181
SP,1986,251,9/8/1986,1,495.121
SP,1986,265,9/22/1986,1,495.151
SP,1986,280,10/7/1986,1,495.131
SP,1986,294,10/21/1986,1,495.151
SP,1987,125,5/5/1987,1,494.673
SP,1987,140,5/20/1987,1,494.648
SP,1987,162,6/11/1987,1,494.669
SP,1987,180,6/29/1987,1,494.605
SP,1987,194,7/13/1987,1,494.673
SP,1987,210,7/29/1987,1,494.657
SP,1987,223,8/11/1987,1,494.602
SP,1987,238,8/26/1987,1,494.578
SP,1987,251,9/8/1987,1,494.517
SP,1987,264,9/21/1987,1,494.511
SP,1987,278,10/5/1987,1,494.462
SP,1987,293,10/20/1987,1,494.453
SP,1987,306,11/2/1987,1,494.432
SP,1987,320,11/16/1987,1,494.395
SP,1988,116,4/25/1988,1,494.755
SP,1988,130,5/9/1988,1,494.759
SP,1988,145,5/24/1988,1,494.737
SP,1988,158,6/6/1988,1,494.707
SP,1988,173,6/21/1988,1,494.646
SP,1988,187,7/5/1988,1,494.597
SP,1988,200,7/18/1988,1,494.597
SP,1988,214,8/1/1988,1,494.56
SP,1988,229,8/16/1988,1,494.591
SP,1988,242,8/29/1988,1,494.573
SP,1988,256,9/12/1988,1,494.554
SP,1988,271,9/27/1988,1,494.554
SP,1988,284,10/10/1988,1,494.499
SP,1988,298,10/24/1988,1,494.505
SP,1988,313,11/8/1988,1,494.518
SP,1989,137,5/17/1989,1,494.693
SP,1989,150,5/30/1989,1,494.736
SP,1989,164,6/13/1989,1,494.785
SP,1989,177,6/26/1989,1,494.815
SP,1989,191,7/10/1989,1,494.785
SP,1989,205,7/24/1989,1,494.742
SP,1989,220,8/8/1989,1,494.675
SP,1989,233,8/21/1989,1,494.669
SP,1989,248,9/5/1989,1,494.669
SP,1989,261,9/18/1989,1,494.632
SP,1989,275,10/2/1989,1,494.571
SP,1989,289,10/16/1989,1,494.529
SP,1989,305,11/1/1989,1,494.516
SP,1989,318,11/14/1989,1,494.498
SP,1990,120,4/30/1990,1,494.394
SP,1990,135,5/15/1990,1,494.382
SP,1990,149,5/29/1990,1,494.419
SP,1990,165,6/14/1990,1,494.437
SP,1990,177,6/26/1990,1,494.437
SP,1990,191,7/10/1990,1,494.455
SP,1990,204,7/23/1990,1,494.431
SP,1990,219,8/7/1990,1,494.391
SP,1990,233,8/21/1990,1,494.461
SP,1990,247,9/4/1990,1,494.44
SP,1990,262,9/19/1990,1,494.522
SP,1990,275,10/2/1990,1,494.504
SP,1990,289,10/16/1990,1,494.489
SP,1990,304,10/31/1990,1,494.553
SP,1990,316,11/12/1990,1,494.547
SP,1991,127,5/7/1991,1,494.772
SP,1991,142,5/22/1991,1,494.791
SP,1991,154,6/3/1991,1,494.894
SP,1991,170,6/19/1991,1,494.894
SP,1991,182,7/1/1991,1,494.937
SP,1991,197,7/16/1991,1,494.952
SP,1991,211,7/30/1991,1,495.013
SP,1991,224,8/12/1991,1,494.962
SP,1991,240,8/28/1991,1,494.925
SP,1991,252,9/9/1991,1,494.937
SP,1991,266,9/23/1991,1,494.919
SP,1991,280,10/7/1991,1,494.894
SP,1991,315,11/11/1991,1,494.919
SP,1992,140,5/19/1992,1,495.165
SP,1992,154,6/2/1992,1,495.134
SP,1992,167,6/15/1992,1,495.11
SP,1992,182,6/30/1992,1,495.11
SP,1992,211,7/29/1992,1,495.116
SP,1992,237,8/24/1992,1,495.031
SP,1992,252,9/8/1992,1,495.01
SP,1992,268,9/24/1992,1,495.025
SP,1992,279,10/5/1992,1,494.988
SP,1992,294,10/20/1992,1,494.994
SP,1992,314,11/9/1992,1,494.973
SP,1993,138,5/18/1993,1,495.017
SP,1993,152,6/1/1993,1,495.051
SP,1993,165,6/14/1993,1,495.078
SP,1993,181,6/30/1993,1,495.133
SP,1993,195,7/14/1993,1,495.133
SP,1993,208,7/27/1993,1,495.115
SP,1993,223,8/11/1993,1,495.109
SP,1993,235,8/23/1993,1,495.048
SP,1993,251,9/8/1993,1,495.042
SP,1993,266,9/23/1993,1,495.042
SP,1993,278,10/5/1993,1,494.993
SP,1993,291,10/18/1993,1,494.981
SP,1993,314,11/10/1993,1,494.956
SP,1994,178,6/27/1994,1,494.855
SP,1994,193,7/12/1994,1,494.87
SP,1994,208,7/27/1994,1,494.885
SP,1994,221,8/9/1994,1,494.87
SP,1994,236,8/24/1994,1,494.809
SP,1994,249,9/6/1994,1,494.788
SP,1994,264,9/21/1994,1,494.904
SP,1994,276,10/3/1994,1,494.904
SP,1994,290,10/17/1994,1,494.916
SP,1994,305,11/1/1994,1,494.922
SP,1994,320,11/16/1994,1,494.898
SP,1995,151,5/31/1995,1,495.062
SP,1995,165,6/14/1995,1,495.102
SP,1995,178,6/27/1995,1,495.047
SP,1995,192,7/11/1995,1,495.019
SP,1995,205,7/24/1995,1,495.047
SP,1995,219,8/7/1995,1,495.023
SP,1995,234,8/22/1995,1,495.013
SP,1995,249,9/6/1995,1,494.943
SP,1995,262,9/19/1995,1,494.916
SP,1995,276,10/3/1995,1,494.928
SP,1995,291,10/18/1995,1,494.955
SP,1995,304,10/31/1995,1,494.965
SP,1995,317,11/13/1995,1,494.965
SP,1996,162,6/10/1996,1,495.278
SP,1996,178,6/26/1996,1,495.294
SP,1996,192,7/10/1996,1,495.278
SP,1996,207,7/25/1996,1,495.309
SP,1996,221,8/8/1996,1,495.339
SP,1996,233,8/20/1996,1,495.306
SP,1996,249,9/5/1996,1,495.272
SP,1996,262,9/18/1996,1,495.211
SP,1996,274,9/30/1996,1,495.211
SP,1996,289,10/15/1996,1,495.175
SP,1996,311,11/6/1996,1,495.223
SP,1997,155,6/4/1997,1,495.393
SP,1997,169,6/18/1997,1,495.375
SP,1997,182,7/1/1997,1,495.396
SP,1997,210,7/29/1997,1,495.369
SP,1997,225,8/13/1997,1,495.308
SP,1997,240,8/28/1997,1,495.302
SP,1997,252,9/9/1997,1,495.293
SP,1997,267,9/24/1997,1,495.256
SP,1997,280,10/7/1997,1,495.256
SP,1997,314,11/10/1997,1,495.183
SP,1998,139,5/19/1998,1,495.069
SP,1998,152,6/1/1998,1,495.039
SP,1998,166,6/15/1998,1,495.075
SP,1998,180,6/29/1998,1,495.054
SP,1998,195,7/14/1998,1,495.021
SP,1998,208,7/27/1998,1,494.953
SP,1998,224,8/12/1998,1,494.889
SP,1998,238,8/26/1998,1,494.85
SP,1998,252,9/9/1998,1,494.771
SP,1998,267,9/24/1998,1,494.734
SP,1998,279,10/6/1998,1,494.719
SP,1998,293,10/20/1998,1,494.679
SP,1999,140,5/20/1999,1,494.67
SP,1999,153,6/2/1999,1,494.673
SP,1999,167,6/16/1999,1,494.695
SP,1999,182,7/1/1999,1,494.704
SP,1999,196,7/15/1999,1,494.783
SP,1999,209,7/28/1999,1,494.783
SP,1999,222,8/10/1999,1,494.786
SP,1999,235,8/23/1999,1,494.798
SP,1999,252,9/9/1999,1,494.746
SP,1999,266,9/23/1999,1,494.722
SP,1999,281,10/8/1999,1,494.692
SP,1999,292,10/19/1999,1,494.664
SP,1999,314,11/10/1999,1,494.615
SP,2000,123,5/2/2000,1,494.62
SP,2000,138,5/17/2000,1,494.606
SP,2000,151,5/30/2000,1,494.591
SP,2000,165,6/13/2000,1,494.596
SP,2000,179,6/27/2000,1,494.641
SP,2000,194,7/12/2000,1,494.771
SP,2000,208,7/26/2000,1,494.741
SP,2000,221,8/8/2000,1,494.741
SP,2000,234,8/21/2000,1,494.761
SP,2000,250,9/6/2000,1,494.731
SP,2000,262,9/18/2000,1,494.721
SP,2000,277,10/3/2000,1,494.676
SP,2000,291,10/17/2000,1,494.646
SP,2000,306,11/1/2000,1,494.626
SP,2000,321,11/16/2000,1,494.641
SP,2001,120,4/30/2001,1,494.691
SP,2001,134,5/14/2001,1,494.711
SP,2001,149,5/29/2001,1,494.731
SP,2001,162,6/11/2001,1,494.731
SP,2001,177,6/26/2001,1,494.811
SP,2001,190,7/9/2001,1,494.731
SP,2001,205,7/24/2001,1,494.731
SP,2001,218,8/6/2001,1,494.771
SP,2001,232,8/20/2001,1,494.711
SP,2001,247,9/4/2001,1,494.641
SP,2001,261,9/18/2001,1,494.641
SP,2001,275,10/2/2001,1,494.611
SP,2001,288,10/15/2001,1,494.601
SP,2001,302,10/29/2001,1,494.591
SP,2001,319,11/15/2001,1,494.561
SP,2002,142,5/22/2002,1,494.884
SP,2002,156,6/5/2002,1,494.894
SP,2002,170,6/19/2002,1,494.924
SP,2002,184,7/3/2002,1,494.924
SP,2002,198,7/17/2002,1,494.879
SP,2002,211,7/30/2002,1,494.914
SP,2002,226,8/14/2002,1,494.894
SP,2002,241,8/29/2002,1,494.884
SP,2002,255,9/12/2002,1,494.884
SP,2002,269,9/26/2002,1,494.864
SP,2002,282,10/9/2002,1,494.914
SP,2002,297,10/24/2002,1,494.894
SP,2002,311,11/7/2002,1,494.864
SP,2003,150,5/30/2003,1,495.088
SP,2003,160,6/9/2003,1,495.085
SP,2003,174,6/23/2003,1,495.078
SP,2003,188,7/7/2003,1,495.053
SP,2003,202,7/21/2003,1,495.028
SP,2003,216,8/4/2003,1,495.008
SP,2003,232,8/20/2003,1,494.968
SP,2003,246,9/3/2003,1,494.923
SP,2003,259,9/16/2003,1,494.883
SP,2003,274,10/1/2003,1,494.823
SP,2003,287,10/14/2003,1,494.853
SP,2003,301,10/28/2003,1,494.778
SP,2003,317,11/13/2003,1,494.758
SP,2004,121,4/30/2004,1,494.958
SP,2004,131,5/10/2004,1,494.976
SP,2004,145,5/24/2004,1,495.053
SP,2004,159,6/7/2004,1,495.083
SP,2004,174,6/22/2004,1,495.068
SP,2004,188,7/6/2004,1,495.043
SP,2004,215,8/2/2004,1,494.993
SP,2004,229,8/16/2004,1,494.909
SP,2004,243,8/30/2004,1,494.867
SP,2004,257,9/13/2004,1,494.844
SP,2004,273,9/29/2004,1,494.794
SP,2004,285,10/11/2004,1,494.759
SP,2004,299,10/25/2004,1,494.734
SP,2004,315,11/10/2004,1,494.739
SP,2005,110,4/20/2005,1,494.676
SP,2005,122,5/2/2005,1,494.676
SP,2005,139,5/19/2005,1,494.681
SP,2005,152,6/1/2005,1,494.656
SP,2005,164,6/13/2005,1,494.71
SP,2005,178,6/27/2005,1,494.686
SP,2005,193,7/12/2005,1,494.636
SP,2005,206,7/25/2005,1,494.616
SP,2005,221,8/9/2005,1,494.556
SP,2005,234,8/22/2005,1,494.526
SP,2005,251,9/8/2005,1,494.446
SP,2005,262,9/19/2005,1,494.446
SP,2005,276,10/3/2005,1,494.421
SP,2005,290,10/17/2005,1,494.541
SP,2005,319,11/15/2005,1,494.496
SP,2006,110,4/20/2006,1,494.586
SP,2006,122,5/2/2006,1,494.581
SP,2006,138,5/18/2006,1,494.616
SP,2006,151,5/31/2006,1,494.666
SP,2006,166,6/15/2006,1,494.616
SP,2006,179,6/28/2006,1,494.616
SP,2006,193,7/12/2006,1,494.581
SP,2006,207,7/26/2006,1,494.556
SP,2006,221,8/9/2006,1,494.57
SP,2006,236,8/24/2006,1,494.526
SP,2006,251,9/8/2006,1,494.486
SP,2006,264,9/21/2006,1,494.456
SP,2006,277,10/4/2006,1,494.456
SP,2006,292,10/19/2006,1,494.416
SP,2006,303,10/30/2006,1,494.391
SP,2007,141,5/21/2007,1,494.358
SP,2007,157,6/6/2007,1,494.328
SP,2007,170,6/19/2007,1,494.338
SP,2007,183,7/2/2007,1,494.288
SP,2007,197,7/16/2007,1,494.243
SP,2007,204,7/23/2007,1,494.218
SP,2007,211,7/30/2007,1,494.238
SP,2007,225,8/13/2007,1,494.158
SP,2007,239,8/27/2007,1,494.118
SP,2007,254,9/11/2007,1,494.068
SP,2007,299,10/26/2007,1,494.173
SP,2008,281,10/7/2008,1,494.188
SP,2008,294,10/20/2008,1,494.163
SP,2008,317,11/12/2008,1,494.148
SP,2008,329,11/24/2008,1,494.132
SP,2009,119,4/29/2009,1,494.157
SP,2009,133,5/13/2009,1,494.142
SP,2009,147,5/27/2009,1,494.157
SP,2009,161,6/10/2009,1,494.172
SP,2009,176,6/25/2009,1,494.15
SP,2009,190,7/9/2009,1,493.997
SP,2009,218,8/6/2009,1,494.097
SP,2009,231,8/19/2009,1,494.017
SP,2009,246,9/3/2009,1,494.022
SP,2009,260,9/17/2009,1,493.977
SP,2009,274,10/1/2009,1,493.937
SP,2009,287,10/14/2009,1,493.957
SP,2009,302,10/29/2009,1,493.977
SP,2009,315,11/11/2009,1,493.947
SP,2010,102,4/12/2010,1,493.871
SP,2010,117,4/27/2010,1,493.856
SP,2010,130,5/10/2010,1,493.871
SP,2010,144,5/24/2010,1,493.856
SP,2010,159,6/8/2010,1,493.856
SP,2010,172,6/21/2010,1,493.906
SP,2010,187,7/6/2010,1,494.016
SP,2010,201,7/20/2010,1,494.071
SP,2010,215,8/3/2010,1,494.101
SP,2010,229,8/17/2010,1,494.131
SP,2010,244,9/1/2010,1,494.191
SP,2010,257,9/14/2010,1,494.191
SP,2010,271,9/28/2010,1,494.336
SP,2010,285,10/12/2010,1,494.341
SP,2010,299,10/26/2010,1,494.396
SP,2010,315,11/11/2010,1,494.381
SP,2011,136,5/16/2011,1,494.597
SP,2011,154,6/3/2011,1,494.602
SP,2011,164,6/13/2011,1,494.583
SP,2011,179,6/28/2011,1,494.612
SP,2011,192,7/11/2011,1,494.602
SP,2011,207,7/26/2011,1,494.602
SP,2011,220,8/8/2011,1,494.622
SP,2011,234,8/22/2011,1,494.592
SP,2011,249,9/6/2011,1,494.547
SP,2011,263,9/20/2011,1,494.469
SP,2011,277,10/4/2011,1,494.455
SP,2011,290,10/17/2011,1,494.429
SP,2011,304,10/31/2011,1,494.407
SP,2011,319,11/15/2011,1,494.372
SP,2012,93,4/2/2012,1,494.358
SP,2012,108,4/17/2012,1,494.358
SP,2012,123,5/2/2012,1,494.368
SP,2012,137,5/16/2012,1,494.401
SP,2012,152,5/31/2012,1,494.426
SP,2012,166,6/14/2012,1,494.368
SP,2012,179,6/27/2012,1,494.433
SP,2012,194,7/12/2012,1,494.413
SP,2012,207,7/25/2012,1,494.368
SP,2012,222,8/9/2012,1,494.333
SP,2012,236,8/23/2012,1,494.288
SP,2012,249,9/5/2012,1,494.233
SP,2012,261,9/17/2012,1,494.191
SP,2012,278,10/4/2012,1,494.149
SP,2012,293,10/19/2012,1,494.12
SP,2012,305,10/31/2012,1,494.141
SP,2012,317,11/12/2012,1,494.133
SP,2013,144,5/24/2013,1,494.364
SP,2013,162,6/11/2013,1,494.46
SP,2013,176,6/25/2013,1,494.514
SP,2013,189,7/8/2013,1,494.582
SP,2013,217,8/5/2013,1,494.539
SP,2013,233,8/21/2013,1,494.508
SP,2013,247,9/4/2013,1,494.551
SP,2013,275,10/2/2013,1,494.475
SP,2013,302,10/29/2013,1,494.502
SP,2013,317,11/13/2013,1,494.508
SP,2014,139,5/19/2014,1,494.87
SP,2014,154,6/3/2014,1,494.983
SP,2014,168,6/17/2014,1,494.977
SP,2014,182,7/1/2014,1,495.022
SP,2014,195,7/14/2014,1,495.022
SP,2014,209,7/28/2014,1,494.986
SP,2014,224,8/12/2014,1,494.931
SP,2014,237,8/25/2014,1,494.925
SP,2014,251,9/8/2014,1,494.952
SP,2014,265,9/22/2014,1,494.943
SP,2014,281,10/8/2014,1,494.931
SP,2014,294,10/21/2014,1,494.925
SP,2014,314,11/10/2014,1,494.937
SP,2015,125,5/5/2015,1,494.929
SP,2015,138,5/18/2015,1,494.944
SP,2015,152,6/1/2015,1,494.965
SP,2015,180,6/29/2015,1,495.014
SP,2015,196,7/15/2015,1,495.005
SP,2015,209,7/28/2015,1,494.996
SP,2015,223,8/11/2015,1,494.959
SP,2015,236,8/24/2015,1,494.923
SP,2015,251,9/8/2015,1,494.907
SP,2015,266,9/23/2015,1,494.849
SP,2015,280,10/7/2015,1,494.785
SP,2015,294,10/21/2015,1,494.74
SP,2015,321,11/17/2015,1,494.801
TB,1984,156,6/4/1984,1,493.768
TB,1984,171,6/19/1984,1,493.771
TB,1984,184,7/2/1984,1,493.735
TB,1984,199,7/17/1984,1,493.72
TB,1984,214,8/1/1984,1,493.68
TB,1984,228,8/15/1984,1,493.775
TB,1984,250,9/6/1984,1,493.79
TB,1984,271,9/27/1984,1,493.826
TB,1984,313,11/8/1984,1,493.814
TB,1985,119,4/29/1985,1,493.859
TB,1985,133,5/13/1985,1,493.874
TB,1985,151,5/31/1985,1,493.88
TB,1985,163,6/12/1985,1,493.813
TB,1985,178,6/27/1985,1,493.841
TB,1985,192,7/11/1985,1,493.85
TB,1985,205,7/24/1985,1,493.801
TB,1985,218,8/6/1985,1,493.768
TB,1985,233,8/21/1985,1,493.768
TB,1985,252,9/9/1985,1,493.847
TB,1985,274,10/1/1985,1,493.893
TB,1985,296,10/23/1985,1,493.85
TB,1986,111,4/21/1986,1,493.865
TB,1986,141,5/21/1986,1,493.775
TB,1986,154,6/3/1986,1,493.715
TB,1986,167,6/16/1986,1,493.705
TB,1986,182,7/1/1986,1,493.725
TB,1986,196,7/15/1986,1,493.805
TB,1986,210,7/29/1986,1,493.805
TB,1986,225,8/13/1986,1,493.785
TB,1986,238,8/26/1986,1,493.775
TB,1986,251,9/8/1986,1,493.755
TB,1986,268,9/25/1986,1,493.815
TB,1986,279,10/6/1986,1,493.805
TB,1986,296,10/23/1986,1,493.815
TB,1987,120,4/30/1987,1,493.556
TB,1987,138,5/18/1987,1,493.477
TB,1987,154,6/3/1987,1,493.55
TB,1987,173,6/22/1987,1,493.486
TB,1987,182,7/1/1987,1,493.456
TB,1987,197,7/16/1987,1,493.568
TB,1987,209,7/28/1987,1,493.541
TB,1987,224,8/12/1987,1,493.483
TB,1987,236,8/24/1987,1,493.471
TB,1987,253,9/10/1987,1,493.45
TB,1987,267,9/24/1987,1,493.453
TB,1987,279,10/6/1987,1,493.459
TB,1987,292,10/19/1987,1,493.501
TB,1987,306,11/2/1987,1,493.507
TB,1987,323,11/19/1987,1,493.547
TB,1988,112,4/21/1988,1,493.475
TB,1988,131,5/10/1988,1,493.429
TB,1988,145,5/24/1988,1,493.38
TB,1988,158,6/6/1988,1,493.325
TB,1988,172,6/20/1988,1,493.264
TB,1988,186,7/4/1988,1,493.228
TB,1988,202,7/20/1988,1,493.222
TB,1988,216,8/3/1988,1,493.203
TB,1988,229,8/16/1988,1,493.228
TB,1988,244,8/31/1988,1,493.228
TB,1988,259,9/15/1988,1,493.234
TB,1988,272,9/28/1988,1,493.258
TB,1988,285,10/11/1988,1,493.234
TB,1988,299,10/25/1988,1,493.246
TB,1989,123,5/3/1989,1,493.673
TB,1989,138,5/18/1989,1,493.643
TB,1989,149,5/29/1989,1,493.661
TB,1989,165,6/14/1989,1,493.722
TB,1989,178,6/27/1989,1,493.734
TB,1989,194,7/13/1989,1,493.655
TB,1989,205,7/24/1989,1,493.594
TB,1989,220,8/8/1989,1,493.509
TB,1989,233,8/21/1989,1,493.509
TB,1989,249,9/6/1989,1,493.533
TB,1989,263,9/20/1989,1,493.478
TB,1989,276,10/3/1989,1,493.436
TB,1989,289,10/16/1989,1,493.43
TB,1989,303,10/30/1989,1,493.414
TB,1989,311,11/7/1989,1,493.43
TB,1990,121,5/1/1990,1,493.595
TB,1990,136,5/16/1990,1,493.677
TB,1990,150,5/30/1990,1,493.696
TB,1990,163,6/12/1990,1,493.686
TB,1990,178,6/27/1990,1,493.668
TB,1990,193,7/12/1990,1,493.653
TB,1990,205,7/24/1990,1,493.622
TB,1990,220,8/8/1990,1,493.564
TB,1990,234,8/22/1990,1,493.726
TB,1990,249,9/6/1990,1,493.775
TB,1990,260,9/17/1990,1,493.775
TB,1990,274,10/1/1990,1,493.732
TB,1990,289,10/16/1990,1,493.72
TB,1990,302,10/29/1990,1,493.757
TB,1990,312,11/8/1990,1,493.735
TB,1991,129,5/9/1991,1,493.823
TB,1991,156,6/5/1991,1,493.842
TB,1991,169,6/18/1991,1,493.805
TB,1991,183,7/2/1991,1,493.842
TB,1991,199,7/18/1991,1,493.811
TB,1991,210,7/29/1991,1,493.814
TB,1991,224,8/12/1991,1,493.738
TB,1991,238,8/26/1991,1,493.714
TB,1991,254,9/11/1991,1,493.732
TB,1991,267,9/24/1991,1,493.708
TB,1991,281,10/8/1991,1,493.729
TB,1991,301,10/28/1991,1,493.732
TB,1991,308,11/4/1991,1,493.817
TB,1992,125,5/4/1992,1,493.813
TB,1992,141,5/20/1992,1,493.81
TB,1992,153,6/1/1992,1,493.719
TB,1992,167,6/15/1992,1,493.686
TB,1992,189,7/7/1992,1,493.747
TB,1992,213,7/31/1992,1,493.661
TB,1992,223,8/10/1992,1,493.63
TB,1992,240,8/27/1992,1,493.576
TB,1992,255,9/11/1992,1,493.589
TB,1992,268,9/24/1992,1,493.65
TB,1992,279,10/5/1992,1,493.631
TB,1992,295,10/21/1992,1,493.68
TB,1992,310,11/5/1992,1,493.698
TB,1993,123,5/3/1993,1,493.862
TB,1993,140,5/20/1993,1,493.795
TB,1993,154,6/3/1993,1,493.789
TB,1993,165,6/14/1993,1,493.789
TB,1993,179,6/28/1993,1,493.789
TB,1993,196,7/15/1993,1,493.752
TB,1993,207,7/26/1993,1,493.728
TB,1993,221,8/9/1993,1,493.703
TB,1993,235,8/23/1993,1,493.667
TB,1993,252,9/9/1993,1,493.673
TB,1993,265,9/22/1993,1,493.722
TB,1993,280,10/7/1993,1,493.697
TB,1993,292,10/19/1993,1,493.703
TB,1993,306,11/2/1993,1,493.709
TB,1994,123,5/3/1994,1,493.829
TB,1994,139,5/19/1994,1,493.793
TB,1994,166,6/15/1994,1,493.787
TB,1994,179,6/28/1994,1,493.778
TB,1994,192,7/11/1994,1,493.774
TB,1994,206,7/25/1994,1,493.769
TB,1994,221,8/9/1994,1,493.738
TB,1994,251,9/8/1994,1,493.668
TB,1994,263,9/20/1994,1,493.793
TB,1994,276,10/3/1994,1,493.787
TB,1994,305,11/1/1994,1,493.774
TB,1994,318,11/14/1994,1,493.762
TB,1995,121,5/1/1995,1,493.866
TB,1995,136,5/16/1995,1,493.896
TB,1995,152,6/1/1995,1,493.848
TB,1995,164,6/13/1995,1,493.82
TB,1995,179,6/28/1995,1,493.683
TB,1995,192,7/11/1995,1,493.701
TB,1995,206,7/25/1995,1,493.738
TB,1995,220,8/8/1995,1,493.732
TB,1995,233,8/21/1995,1,493.726
TB,1995,248,9/5/1995,1,493.701
TB,1995,262,9/19/1995,1,493.692
TB,1995,275,10/2/1995,1,493.738
TB,1995,290,10/17/1995,1,493.823
TB,1995,305,11/1/1995,1,493.866
TB,1996,131,5/10/1996,1,493.854
TB,1996,152,5/31/1996,1,493.799
TB,1996,176,6/24/1996,1,493.793
TB,1996,193,7/11/1996,1,493.793
TB,1996,205,7/23/1996,1,493.836
TB,1996,219,8/6/1996,1,493.866
TB,1996,233,8/20/1996,1,493.824
TB,1996,248,9/4/1996,1,493.799
TB,1996,261,9/17/1996,1,493.763
TB,1996,277,10/3/1996,1,493.775
TB,1996,291,10/17/1996,1,493.799
TB,1996,309,11/4/1996,1,493.839
TB,1997,125,5/5/1997,1,493.83
TB,1997,140,5/20/1997,1,493.824
TB,1997,155,6/4/1997,1,493.781
TB,1997,170,6/19/1997,1,493.848
TB,1997,184,7/3/1997,1,493.769
TB,1997,197,7/16/1997,1,493.778
TB,1997,209,7/28/1997,1,493.705
TB,1997,223,8/11/1997,1,493.65
TB,1997,237,8/25/1997,1,493.729
TB,1997,253,9/10/1997,1,493.732
TB,1997,267,9/24/1997,1,493.717
TB,1997,281,10/8/1997,1,493.753
TB,1997,294,10/21/1997,1,493.699
TB,1997,310,11/6/1997,1,493.76
TB,1998,111,4/21/1998,1,493.838
TB,1998,126,5/6/1998,1,493.765
TB,1998,140,5/20/1998,1,493.716
TB,1998,153,6/2/1998,1,493.716
TB,1998,168,6/17/1998,1,493.777
TB,1998,182,7/1/1998,1,493.771
TB,1998,195,7/14/1998,1,493.726
TB,1998,208,7/27/1998,1,493.655
TB,1998,222,8/10/1998,1,493.619
TB,1998,239,8/27/1998,1,493.655
TB,1998,253,9/10/1998,1,493.591
TB,1998,266,9/23/1998,1,493.582
TB,1998,279,10/6/1998,1,493.594
TB,1998,292,10/19/1998,1,493.588
TB,1998,316,11/12/1998,1,493.567
TB,1999,126,5/6/1999,1,493.654
TB,1999,138,5/18/1999,1,493.782
TB,1999,154,6/3/1999,1,493.736
TB,1999,165,6/14/1999,1,493.745
TB,1999,182,7/1/1999,1,493.73
TB,1999,193,7/12/1999,1,493.825
TB,1999,207,7/26/1999,1,493.8
TB,1999,223,8/11/1999,1,493.776
TB,1999,238,8/26/1999,1,493.761
TB,1999,253,9/10/1999,1,493.691
TB,1999,263,9/20/1999,1,493.697
TB,1999,279,10/6/1999,1,493.648
TB,1999,294,10/21/1999,1,493.654
TB,1999,308,11/4/1999,1,493.639
TB,2000,96,4/5/2000,1,493.807
TB,2000,108,4/17/2000,1,493.816
TB,2000,124,5/3/2000,1,493.807
TB,2000,136,5/15/2000,1,493.777
TB,2000,154,6/2/2000,1,493.734
TB,2000,164,6/12/2000,1,493.719
TB,2000,178,6/26/2000,1,493.813
TB,2000,193,7/11/2000,1,493.911
TB,2000,207,7/25/2000,1,493.829
TB,2000,222,8/9/2000,1,493.807
TB,2000,236,8/23/2000,1,493.789
TB,2000,249,9/5/2000,1,493.758
TB,2000,264,9/20/2000,1,493.752
TB,2000,278,10/4/2000,1,493.728
TB,2000,291,10/17/2000,1,493.734
TB,2000,304,10/30/2000,1,493.728
TB,2000,319,11/14/2000,1,493.746
TB,2001,121,5/1/2001,1,493.815
TB,2001,136,5/16/2001,1,493.805
TB,2001,150,5/30/2001,1,493.825
TB,2001,163,6/12/2001,1,493.825
TB,2001,176,6/25/2001,1,493.835
TB,2001,190,7/9/2001,1,493.765
TB,2001,204,7/23/2001,1,493.805
TB,2001,219,8/7/2001,1,493.825
TB,2001,233,8/21/2001,1,493.755
TB,2001,249,9/6/2001,1,493.675
TB,2001,261,9/18/2001,1,493.685
TB,2001,274,10/1/2001,1,493.675
TB,2001,289,10/16/2001,1,493.715
TB,2001,303,10/30/2001,1,493.745
TB,2001,320,11/16/2001,1,493.745
TB,2002,114,4/24/2002,1,493.824
TB,2002,127,5/7/2002,1,493.787
TB,2002,142,5/22/2002,1,493.741
TB,2002,155,6/4/2002,1,493.708
TB,2002,168,6/17/2002,1,493.744
TB,2002,182,7/1/2002,1,493.693
TB,2002,197,7/16/2002,1,493.616
TB,2002,212,7/31/2002,1,493.757
TB,2002,224,8/12/2002,1,493.671
TB,2002,239,8/27/2002,1,493.677
TB,2002,253,9/10/2002,1,493.69
TB,2002,267,9/24/2002,1,493.677
TB,2002,280,10/7/2002,1,493.775
TB,2002,295,10/22/2002,1,493.732
TB,2002,308,11/4/2002,1,493.714
TB,2003,125,5/5/2003,1,493.771
TB,2003,132,5/12/2003,1,493.877
TB,2003,147,5/27/2003,1,493.783
TB,2003,163,6/12/2003,1,493.823
TB,2003,175,6/24/2003,1,493.755
TB,2003,191,7/10/2003,1,493.691
TB,2003,202,7/21/2003,1,493.666
TB,2003,217,8/5/2003,1,493.646
TB,2003,232,8/20/2003,1,493.696
TB,2003,247,9/4/2003,1,493.546
TB,2003,262,9/19/2003,1,493.531
TB,2003,272,9/29/2003,1,493.526
TB,2003,287,10/14/2003,1,493.516
TB,2003,300,10/27/2003,1,493.496
TB,2003,311,11/7/2003,1,493.436
TB,2004,117,4/26/2004,1,493.846
TB,2004,134,5/13/2004,1,493.856
TB,2004,146,5/25/2004,1,493.816
TB,2004,161,6/9/2004,1,493.791
TB,2004,173,6/21/2004,1,493.736
TB,2004,188,7/6/2004,1,493.696
TB,2004,201,7/19/2004,1,493.651
TB,2004,216,8/3/2004,1,493.591
TB,2004,230,8/17/2004,1,493.574
TB,2004,244,8/31/2004,1,493.546
TB,2004,254,9/10/2004,1,493.546
TB,2004,272,9/28/2004,1,493.521
TB,2004,286,10/12/2004,1,493.511
TB,2004,300,10/26/2004,1,493.501
TB,2004,316,11/11/2004,1,493.501
TB,2005,145,5/25/2005,1,493.737
TB,2005,161,6/10/2005,1,493.713
TB,2005,175,6/24/2005,1,493.713
TB,2005,179,6/28/2005,1,493.728
TB,2005,192,7/11/2005,1,493.664
TB,2005,206,7/25/2005,1,493.63
TB,2005,220,8/8/2005,1,493.585
TB,2005,234,8/22/2005,1,493.545
TB,2005,251,9/8/2005,1,493.465
TB,2005,265,9/22/2005,1,493.465
TB,2005,278,10/5/2005,1,493.66
TB,2005,292,10/19/2005,1,493.65
TB,2005,321,11/17/2005,1,493.665
TB,2006,108,4/18/2006,1,493.801
TB,2006,121,5/1/2006,1,493.859
TB,2006,138,5/18/2006,1,493.766
TB,2006,152,6/1/2006,1,493.751
TB,2006,163,6/12/2006,1,493.734
TB,2006,177,6/26/2006,1,493.666
TB,2006,192,7/11/2006,1,493.606
TB,2006,205,7/24/2006,1,493.541
TB,2006,220,8/8/2006,1,493.563
TB,2006,234,8/22/2006,1,493.554
TB,2006,250,9/7/2006,1,493.516
TB,2006,262,9/19/2006,1,493.496
TB,2006,275,10/2/2006,1,493.521
TB,2006,290,10/17/2006,1,493.531
TB,2006,305,11/1/2006,1,493.516
TB,2007,115,4/25/2007,1,493.651
TB,2007,129,5/9/2007,1,493.629
TB,2007,142,5/22/2007,1,493.614
TB,2007,156,6/5/2007,1,493.614
TB,2007,169,6/18/2007,1,493.569
TB,2007,186,7/5/2007,1,493.519
TB,2007,198,7/17/2007,1,493.724
TB,2007,214,8/2/2007,1,493.414
TB,2007,225,8/13/2007,1,493.374
TB,2007,241,8/29/2007,1,493.344
TB,2007,256,9/13/2007,1,493.369
TB,2007,269,9/26/2007,1,493.414
TB,2007,282,10/9/2007,1,493.514
TB,2007,297,10/24/2007,1,493.544
TB,2007,319,11/15/2007,1,493.534
TB,2008,129,5/8/2008,1,493.691
TB,2008,142,5/21/2008,1,493.65
TB,2008,155,6/3/2008,1,493.659
TB,2008,172,6/20/2008,1,493.735
TB,2008,182,6/30/2008,1,493.597
TB,2008,198,7/16/2008,1,493.557
TB,2008,210,7/28/2008,1,493.543
TB,2008,226,8/13/2008,1,493.467
TB,2008,239,8/26/2008,1,493.405
TB,2008,255,9/11/2008,1,493.37
TB,2008,267,9/23/2008,1,493.38
TB,2008,280,10/6/2008,1,493.375
TB,2008,295,10/21/2008,1,493.375
TB,2008,316,11/11/2008,1,493.395
TB,2009,118,4/28/2009,1,493.495
TB,2009,134,5/14/2009,1,493.556
TB,2009,149,5/29/2009,1,493.511
TB,2009,160,6/9/2009,1,493.519
TB,2009,173,6/22/2009,1,493.461
TB,2009,187,7/6/2009,1,493.401
TB,2009,202,7/21/2009,1,493.351
TB,2009,217,8/5/2009,1,493.341
TB,2009,229,8/17/2009,1,493.301
TB,2009,245,9/2/2009,1,493.338
TB,2009,258,9/15/2009,1,493.281
TB,2009,271,9/28/2009,1,493.271
TB,2009,285,10/12/2009,1,493.311
TB,2009,300,10/27/2009,1,493.361
TB,2009,320,11/16/2009,1,493.341
TB,2010,103,4/13/2010,1,493.352
TB,2010,116,4/26/2010,1,493.333
TB,2010,131,5/11/2010,1,493.342
TB,2010,145,5/25/2010,1,493.309
TB,2010,161,6/10/2010,1,493.322
TB,2010,174,6/23/2010,1,493.387
TB,2010,188,7/7/2010,1,493.484
TB,2010,203,7/22/2010,1,493.487
TB,2010,215,8/3/2010,1,493.529
TB,2010,228,8/16/2010,1,493.554
TB,2010,244,9/1/2010,1,493.599
TB,2010,257,9/14/2010,1,493.589
TB,2010,271,9/28/2010,1,493.734
TB,2010,284,10/11/2010,1,493.704
TB,2010,299,10/26/2010,1,493.734
TB,2010,319,11/15/2010,1,493.734
TB,2011,123,5/3/2011,1,493.767
TB,2011,138,5/18/2011,1,493.749
TB,2011,152,6/1/2011,1,493.749
TB,2011,165,6/14/2011,1,493.684
TB,2011,178,6/27/2011,1,493.714
TB,2011,194,7/13/2011,1,493.659
TB,2011,206,7/25/2011,1,493.699
TB,2011,221,8/9/2011,1,493.734
TB,2011,235,8/23/2011,1,493.664
TB,2011,252,9/9/2011,1,493.599
TB,2011,263,9/20/2011,1,493.559
TB,2011,276,10/3/2011,1,493.556
TB,2011,291,10/18/2011,1,493.542
TB,2011,305,11/1/2011,1,493.541
TB,2011,315,11/11/2011,1,493.535
TB,2012,93,4/2/2012,1,493.654
TB,2012,107,4/16/2012,1,493.637
TB,2012,123,5/2/2012,1,493.657
TB,2012,136,5/15/2012,1,493.694
TB,2012,151,5/30/2012,1,493.684
TB,2012,163,6/11/2012,1,493.613
TB,2012,178,6/26/2012,1,493.677
TB,2012,193,7/11/2012,1,493.61
TB,2012,205,7/23/2012,1,493.537
TB,2012,222,8/9/2012,1,493.532
TB,2012,234,8/21/2012,1,493.504
TB,2012,251,9/7/2012,1,493.449
TB,2012,263,9/19/2012,1,493.437
TB,2012,276,10/2/2012,1,493.387
TB,2012,290,10/16/2012,1,493.35
TB,2012,304,10/30/2012,1,493.428
TB,2012,310,11/5/2012,1,493.411
TB,2013,133,5/13/2013,1,493.742
TB,2013,164,6/13/2013,1,493.733
TB,2013,176,6/25/2013,1,493.727
TB,2013,191,7/10/2013,1,493.768
TB,2013,218,8/6/2013,1,493.652
TB,2013,234,8/22/2013,1,493.582
TB,2013,247,9/4/2013,1,493.63
TB,2013,273,9/30/2013,1,493.573
TB,2013,302,10/29/2013,1,493.664
TB,2013,312,11/8/2013,1,493.682
TB,2014,141,5/21/2014,1,493.797
TB,2014,154,6/3/2014,1,493.782
TB,2014,167,6/16/2014,1,493.74
TB,2014,181,6/30/2014,1,493.749
TB,2014,197,7/16/2014,1,493.709
TB,2014,210,7/29/2014,1,493.66
TB,2014,223,8/11/2014,1,493.599
TB,2014,237,8/25/2014,1,493.611
TB,2014,252,9/9/2014,1,493.682
TB,2014,266,9/23/2014,1,493.654
TB,2014,279,10/6/2014,1,493.66
TB,2014,293,10/20/2014,1,493.7
TB,2014,311,11/7/2014,1,493.709
TB,2015,111,4/21/2015,1,493.79
TB,2015,124,5/4/2015,1,493.747
TB,2015,141,5/21/2015,1,493.738
TB,2015,168,6/17/2015,1,493.79
TB,2015,182,7/1/2015,1,493.75
TB,2015,196,7/15/2015,1,493.732
TB,2015,209,7/28/2015,1,493.704
TB,2015,223,8/11/2015,1,493.68
TB,2015,237,8/25/2015,1,493.646
TB,2015,253,9/10/2015,1,493.631
TB,2015,265,9/22/2015,1,493.595
TB,2015,278,10/5/2015,1,493.549
TB,2015,293,10/20/2015,1,493.543
TB,2015,321,11/17/2015,1,493.659
TR,1984,171,6/19/1984,2,491.855
TR,1984,248,9/4/1984,2,491.846
TR,1984,270,9/26/1984,2,491.855
TR,1984,290,10/16/1984,2,491.84
TR,1984,311,11/6/1984,2,491.864
TR,1985,120,4/30/1985,2,491.93
TR,1985,133,5/13/1985,2,491.994
TR,1985,148,5/28/1985,2,491.945
TR,1985,177,6/26/1985,2,491.933
TR,1985,255,9/12/1985,2,491.912
TR,1985,275,10/2/1985,2,491.915
TR,1985,294,10/21/1985,2,491.948
TR,1985,319,11/15/1985,2,491.915
TR,1986,141,5/21/1986,2,492.058
TR,1986,155,6/4/1986,2,491.818
TR,1986,168,6/17/1986,2,491.818
TR,1986,181,6/30/1986,2,491.868
TR,1986,209,7/28/1986,2,491.898
TR,1986,224,8/12/1986,2,491.848
TR,1986,241,8/29/1986,2,491.818
TR,1986,252,9/9/1986,2,491.788
TR,1986,267,9/24/1986,2,491.838
TR,1987,124,5/4/1987,2,491.815
TR,1987,139,5/19/1987,2,491.803
TR,1987,152,6/1/1987,2,491.845
TR,1987,181,6/30/1987,2,491.812
TR,1987,222,8/10/1987,2,491.806
TR,1987,252,9/9/1987,2,491.739
TR,1987,265,9/22/1987,2,491.732
TR,1987,281,10/8/1987,2,491.699
TR,1987,292,10/19/1987,2,491.754
TR,1987,307,11/3/1987,2,491.76
TR,1987,321,11/17/1987,2,491.757
TR,1988,131,5/10/1988,2,491.793
TR,1988,144,5/23/1988,2,491.768
TR,1988,159,6/7/1988,2,491.75
TR,1988,173,6/21/1988,2,491.701
TR,1988,188,7/6/1988,2,491.683
TR,1988,201,7/19/1988,2,491.683
TR,1988,214,8/1/1988,2,491.659
TR,1988,228,8/15/1988,2,491.729
TR,1988,242,8/29/1988,2,491.701
TR,1988,258,9/14/1988,2,491.701
TR,1988,270,9/26/1988,2,491.726
TR,1988,286,10/12/1988,2,491.692
TR,1988,300,10/26/1988,2,491.726
TR,1988,312,11/7/1988,2,491.765
TR,1989,123,5/3/1989,2,491.81
TR,1989,135,5/15/1989,2,491.804
TR,1989,151,5/31/1989,2,491.846
TR,1989,163,6/12/1989,2,491.852
TR,1989,179,6/28/1989,2,491.858
TR,1989,192,7/11/1989,2,491.828
TR,1989,207,7/26/1989,2,491.73
TR,1989,219,8/7/1989,2,491.676
TR,1989,235,8/23/1989,2,491.724
TR,1989,248,9/5/1989,2,491.737
TR,1989,261,9/18/1989,2,491.688
TR,1989,277,10/4/1989,2,491.645
TR,1989,290,10/17/1989,2,491.645
TR,1989,306,11/2/1989,2,491.694
TR,1989,317,11/13/1989,2,491.712
TR,1990,122,5/2/1990,2,491.834
TR,1990,134,5/14/1990,2,491.821
TR,1990,149,5/29/1990,2,491.852
TR,1990,162,6/11/1990,2,491.834
TR,1990,176,6/25/1990,2,491.824
TR,1990,191,7/10/1990,2,491.828
TR,1990,204,7/23/1990,2,491.803
TR,1990,219,8/7/1990,2,491.751
TR,1990,232,8/20/1990,2,491.828
TR,1990,248,9/5/1990,2,491.779
TR,1990,261,9/18/1990,2,491.803
TR,1990,275,10/2/1990,2,491.791
TR,1990,288,10/15/1990,2,491.803
TR,1990,303,10/30/1990,2,491.876
TR,1990,317,11/13/1990,2,491.831
TR,1991,128,5/8/1991,2,491.913
TR,1991,140,5/20/1991,2,491.907
TR,1991,155,6/4/1991,2,491.901
TR,1991,170,6/19/1991,2,491.894
TR,1991,184,7/3/1991,2,491.937
TR,1991,198,7/17/1991,2,491.931
TR,1991,212,7/31/1991,2,491.901
TR,1991,225,8/13/1991,2,491.858
TR,1991,240,8/28/1991,2,491.84
TR,1991,254,9/11/1991,2,491.852
TR,1991,270,9/27/1991,2,491.809
TR,1991,282,10/9/1991,2,491.827
TR,1991,315,11/11/1991,2,491.888
TR,1992,140,5/19/1992,2,491.912
TR,1992,168,6/16/1992,2,491.675
TR,1992,198,7/16/1992,2,491.892
TR,1992,237,8/24/1992,2,491.791
TR,1992,253,9/9/1992,2,491.816
TR,1992,280,10/6/1992,2,491.767
TR,1992,293,10/19/1992,2,491.828
TR,1992,315,11/10/1992,2,491.846
TR,1993,137,5/17/1993,2,492.08
TR,1993,152,6/1/1993,2,492.074
TR,1993,168,6/17/1993,2,492.098
TR,1993,180,6/29/1993,2,492.123
TR,1993,194,7/13/1993,2,492.08
TR,1993,208,7/27/1993,2,492.043
TR,1993,222,8/10/1993,2,492.037
TR,1993,237,8/25/1993,2,492.01
TR,1993,250,9/7/1993,2,492.001
TR,1993,263,9/20/1993,2,492.028
TR,1993,278,10/5/1993,2,491.995
TR,1993,291,10/18/1993,2,492.019
TR,1993,312,11/8/1993,2,492.031
TR,1994,179,6/28/1994,2,491.871
TR,1994,194,7/13/1994,2,491.779
TR,1994,207,7/26/1994,2,491.849
TR,1994,220,8/8/1994,2,491.822
TR,1994,250,9/7/1994,2,491.779
TR,1994,262,9/19/1994,2,491.91
TR,1994,277,10/4/1994,2,491.886
TR,1994,292,10/19/1994,2,491.892
TR,1994,304,10/31/1994,2,491.849
TR,1994,319,11/15/1994,2,491.849
TR,1995,165,6/14/1995,2,491.871
TR,1995,180,6/29/1995,2,491.801
TR,1995,193,7/12/1995,2,491.813
TR,1995,207,7/26/1995,2,491.852
TR,1995,221,8/9/1995,2,491.84
TR,1995,236,8/24/1995,2,491.828
TR,1995,251,9/8/1995,2,491.782
TR,1995,264,9/21/1995,2,491.77
TR,1995,277,10/4/1995,2,491.813
TR,1995,291,10/18/1995,2,491.855
TR,1995,306,11/2/1995,2,491.907
TR,1995,319,11/15/1995,2,491.862
TR,1996,176,6/24/1996,2,491.895
TR,1996,191,7/9/1996,2,491.895
TR,1996,206,7/24/1996,2,491.926
TR,1996,218,8/5/1996,2,491.922
TR,1996,232,8/19/1996,2,491.886
TR,1996,250,9/6/1996,2,491.865
TR,1996,260,9/16/1996,2,491.819
TR,1996,274,9/30/1996,2,491.813
TR,1996,312,11/7/1996,2,491.898
TR,1997,156,6/5/1997,2,491.897
TR,1997,168,6/17/1997,2,491.891
TR,1997,183,7/2/1997,2,491.927
TR,1997,211,7/30/1997,2,491.897
TR,1997,238,8/26/1997,2,491.921
TR,1997,252,9/9/1997,2,491.951
TR,1997,281,10/8/1997,2,491.927
TR,1997,315,11/11/1997,2,491.927
TR,1998,141,5/21/1998,2,491.871
TR,1998,155,6/4/1998,2,491.856
TR,1998,167,6/16/1998,2,491.917
TR,1998,183,7/2/1998,2,491.932
TR,1998,197,7/16/1998,2,491.874
TR,1998,210,7/29/1998,2,491.816
TR,1998,225,8/13/1998,2,491.819
TR,1998,237,8/25/1998,2,491.816
TR,1998,254,9/11/1998,2,491.755
TR,1998,281,10/8/1998,2,491.789
TR,1998,294,10/21/1998,2,491.831
TR,1998,317,11/13/1998,2,491.825
TR,1999,159,6/8/1999,2,491.889
TR,1999,166,6/15/1999,2,491.879
TR,1999,180,6/29/1999,2,491.858
TR,1999,193,7/12/1999,2,491.925
TR,1999,208,7/27/1999,2,491.916
TR,1999,221,8/9/1999,2,491.876
TR,1999,235,8/23/1999,2,491.876
TR,1999,251,9/8/1999,2,491.812
TR,1999,264,9/21/1999,2,491.797
TR,1999,278,10/5/1999,2,491.751
TR,1999,291,10/18/1999,2,491.791
TR,1999,312,11/8/1999,2,491.758
TR,2000,122,5/1/2000,2,491.824
TR,2000,137,5/16/2000,2,491.808
TR,2000,152,5/31/2000,2,491.798
TR,2000,164,6/12/2000,2,491.801
TR,2000,179,6/27/2000,2,491.858
TR,2000,193,7/11/2000,2,491.888
TR,2000,207,7/25/2000,2,491.888
TR,2000,220,8/7/2000,2,491.848
TR,2000,235,8/22/2000,2,491.838
TR,2000,249,9/5/2000,2,491.803
TR,2000,263,9/19/2000,2,491.778
TR,2000,278,10/4/2000,2,491.753
TR,2000,292,10/18/2000,2,491.748
TR,2000,305,10/31/2000,2,491.768
TR,2000,327,11/22/2000,2,491.783
TR,2001,137,5/17/2001,2,491.858
TR,2001,150,5/30/2001,2,491.858
TR,2001,165,6/14/2001,2,491.848
TR,2001,178,6/27/2001,2,491.858
TR,2001,192,7/11/2001,2,491.788
TR,2001,207,7/26/2001,2,491.778
TR,2001,220,8/8/2001,2,491.828
TR,2001,234,8/22/2001,2,491.758
TR,2001,250,9/7/2001,2,491.728
TR,2001,262,9/19/2001,2,491.738
TR,2001,276,10/3/2001,2,491.738
TR,2001,291,10/18/2001,2,491.748
TR,2001,305,11/1/2001,2,491.798
TR,2001,318,11/14/2001,2,491.788
TR,2002,141,5/21/2002,2,491.923
TR,2002,156,6/5/2002,2,491.883
TR,2002,170,6/19/2002,2,491.888
TR,2002,183,7/2/2002,2,491.868
TR,2002,196,7/15/2002,2,491.828
TR,2002,210,7/29/2002,2,491.878
TR,2002,225,8/13/2002,2,491.838
TR,2002,238,8/26/2002,2,491.848
TR,2002,254,9/11/2002,2,491.858
TR,2002,268,9/25/2002,2,491.808
TR,2002,281,10/8/2002,2,491.888
TR,2002,296,10/23/2002,2,491.863
TR,2002,310,11/6/2002,2,491.838
TR,2003,149,5/29/2003,2,491.816
TR,2003,161,6/10/2003,2,491.821
TR,2003,175,6/24/2003,2,491.781
TR,2003,189,7/8/2003,2,491.746
TR,2003,203,7/22/2003,2,491.751
TR,2003,217,8/5/2003,2,491.726
TR,2003,231,8/19/2003,2,491.706
TR,2003,248,9/5/2003,2,491.666
TR,2003,265,9/22/2003,2,491.651
TR,2003,273,9/30/2003,2,491.646
TR,2003,288,10/15/2003,2,491.646
TR,2003,300,10/27/2003,2,491.656
TR,2003,325,11/21/2003,2,491.636
TR,2004,202,7/20/2004,2,491.807
TR,2004,217,8/4/2004,2,491.747
TR,2004,232,8/19/2004,2,491.767
TR,2004,246,9/2/2004,2,491.759
TR,2004,265,9/21/2004,2,491.769
TR,2004,274,9/30/2004,2,491.749
TR,2004,288,10/14/2004,2,491.744
TR,2004,302,10/28/2004,2,491.774
TR,2004,315,11/10/2004,2,491.794
TR,2005,167,6/16/2005,2,491.822
TR,2005,182,7/1/2005,2,491.772
TR,2005,194,7/13/2005,2,491.752
TR,2005,208,7/27/2005,2,491.732
TR,2005,223,8/11/2005,2,491.687
TR,2005,236,8/24/2005,2,491.672
TR,2005,250,9/7/2005,2,491.597
TR,2005,301,10/28/2005,2,491.801
TR,2006,111,4/21/2006,2,491.89
TR,2006,125,5/5/2006,2,491.788
TR,2006,137,5/17/2006,2,491.81
TR,2006,153,6/2/2006,2,491.81
TR,2006,165,6/14/2006,2,491.79
TR,2006,178,6/27/2006,2,491.75
TR,2006,191,7/10/2006,2,491.735
TR,2006,205,7/24/2006,2,491.69
TR,2006,220,8/8/2006,2,491.725
TR,2006,233,8/21/2006,2,491.72
TR,2006,249,9/6/2006,2,491.715
TR,2006,263,9/20/2006,2,491.69
TR,2006,276,10/3/2006,2,491.715
TR,2006,290,10/17/2006,2,491.73
TR,2006,303,10/30/2006,2,491.74
TR,2007,143,5/23/2007,2,491.791
TR,2007,155,6/4/2007,2,491.781
TR,2007,171,6/20/2007,2,491.766
TR,2007,184,7/3/2007,2,491.716
TR,2007,198,7/17/2007,2,491.696
TR,2007,212,7/31/2007,2,491.691
TR,2007,226,8/14/2007,2,491.641
TR,2007,240,8/28/2007,2,491.631
TR,2007,255,9/12/2007,2,491.591
TR,2007,269,9/26/2007,2,491.651
TR,2007,284,10/11/2007,2,491.741
TR,2007,297,10/24/2007,2,491.771
TR,2007,317,11/13/2007,2,491.761
TR,2008,268,9/24/2008,2,491.672
TR,2008,284,10/10/2008,2,491.683
TR,2008,297,10/23/2008,2,491.675
TR,2008,316,11/11/2008,2,491.695
TR,2009,120,4/30/2009,2,491.794
TR,2009,131,5/11/2009,2,491.784
TR,2009,148,5/28/2009,2,491.76
TR,2009,159,6/8/2009,2,491.729
TR,2010,133,5/13/2010,2,491.742
TR,2010,146,5/26/2010,2,491.727
TR,2010,160,6/9/2010,2,491.757
TR,2010,173,6/22/2010,2,491.8
TR,2010,188,7/7/2010,2,491.87
TR,2010,202,7/21/2010,2,491.882
TR,2010,216,8/4/2010,2,491.813
TR,2010,230,8/18/2010,2,491.798
TR,2010,245,9/2/2010,2,491.843
TR,2010,256,9/13/2010,2,491.813
TR,2010,272,9/29/2010,2,491.903
TR,2010,284,10/11/2010,2,491.852
TR,2010,298,10/25/2010,2,491.834
TR,2010,316,11/12/2010,2,491.822
TR,2011,139,5/19/2011,2,491.834
TR,2011,153,6/2/2011,2,491.829
TR,2011,167,6/16/2011,2,491.795
TR,2011,180,6/29/2011,2,491.834
TR,2011,194,7/13/2011,2,491.774
TR,2011,209,7/28/2011,2,491.809
TR,2011,223,8/11/2011,2,491.799
TR,2011,237,8/25/2011,2,491.769
TR,2011,252,9/9/2011,2,491.724
TR,2011,264,9/21/2011,2,491.687
TR,2011,278,10/5/2011,2,491.697
TR,2011,294,10/21/2011,2,491.699
TR,2011,306,11/2/2011,2,491.709
TR,2011,318,11/14/2011,2,491.712
TR,2012,95,4/4/2012,2,491.799
TR,2013,155,6/4/2013,2,491.915
TR,2013,163,6/12/2013,2,491.907
TR,2013,175,6/24/2013,2,491.901
TR,2013,190,7/9/2013,2,491.919
TR,2013,218,8/6/2013,2,491.809
TR,2013,232,8/20/2013,2,491.761
TR,2013,248,9/5/2013,2,491.806
TR,2013,275,10/2/2013,2,491.748
TR,2013,303,10/30/2013,2,491.767
TR,2013,318,11/14/2013,2,491.785
TR,2014,142,5/22/2014,2,492.003
TR,2014,156,6/5/2014,2,491.948
TR,2014,170,6/19/2014,2,491.899
TR,2014,183,7/2/2014,2,491.939
TR,2014,197,7/16/2014,2,491.884
TR,2014,211,7/30/2014,2,491.835
TR,2014,226,8/14/2014,2,491.795
TR,2014,239,8/27/2014,2,491.795
TR,2014,254,9/11/2014,2,491.835
TR,2014,266,9/23/2014,2,491.829
TR,2014,282,10/9/2014,2,491.82
TR,2014,296,10/23/2014,2,491.835
TR,2014,316,11/12/2014,2,491.896
TR,2015,141,5/21/2015,2,491.813
TR,2015,155,6/4/2015,2,491.834
TR,2015,169,6/18/2015,2,491.868
TR,2015,183,7/2/2015,2,491.84
TR,2015,197,7/16/2015,2,491.84
TR,2015,211,7/30/2015,2,491.892
TR,2015,225,8/13/2015,2,491.77
TR,2015,239,8/27/2015,2,491.734
TR,2015,254,9/11/2015,2,491.758
TR,2015,267,9/24/2015,2,491.737
TR,2015,281,10/8/2015,2,491.743
TR,2015,295,10/22/2015,2,491.709
TR,2015,322,11/18/2015,2,491.834
